source_id,archive,path,size_bytes,crc32,sha256,extension,processed,notes
rog_slovenian_1_0_1_1_manual_prosody,ROG.zip,ROG/METADATA/ROG-speeches.tsv,87841,137bdbde,9139e12179da40e7a981f2b8070f683cb946ef910169912c8d4f589430006dfb,.tsv,YES,parsed source-faithfully: 344 rows
rog_slovenian_1_0_1_1_manual_prosody,ROG.zip,ROG/METADATA/ROG-speakers.tsv,98216,f68b2346,06dc74b8eff3cf6f30c443dbffcc19560577b9786dfc5ab7ff8107159f54ba32,.tsv,YES,parsed source-faithfully: 726 rows
rog_slovenian_1_0_1_1_manual_prosody,ROG.zip,ROG/METADATA/ROG-DOC.docx,515839,8e381a32,240a25e7fd2ecf332c94a31da3434187d7b3126dc9a0b5f1cb83a77a75927bcc,.docx,NO,
rog_slovenian_1_0_1_1_manual_prosody,ROG.zip,ROG/METADATA/ROG-DOC.pdf,337369,826041fc,5c701ec9dc3981ec243fc116ec0529becb3c1609f30be9256cd56f0b4f8a3384,.pdf,NO,
rog_slovenian_1_0_1_1_manual_prosody,ROG.zip,ROG/ROG-Art/EXB/Rog-Art-N-G5036-P600034.exb,438912,e07cddf8,f85e7907a4d749568571de983cf09b43b1bd3d1af9943fc4f1181ed40547d2cb,.exb,YES,parsed all EXMARaLDA tiers/events source-faithfully
rog_slovenian_1_0_1_1_manual_prosody,ROG.zip,ROG/ROG-Art/EXB/Rog-Art-N-G5035-P600034.exb,695026,4a927dbf,5aa485c9c60e7647d37339edb06287d1988682cf55a531a7606a19ffbdf31805,.exb,YES,parsed all EXMARaLDA tiers/events source-faithfully
rog_slovenian_1_0_1_1_manual_prosody,ROG.zip,ROG/ROG-Art/EXB/Rog-Art-J-Gvecg-P500042.exb,1154707,582f7fba,2f95d14c874e4b8a7e7d1528861f501dd426b71f21a6a8d2c34e45e4d53c22eb,.exb,YES,parsed all EXMARaLDA tiers/events source-faithfully
rog_slovenian_1_0_1_1_manual_prosody,ROG.zip,ROG/ROG-Art/EXB/Rog-Art-J-Gvecg-P580002.exb,1072461,5f1d4536,c7f6f65bd0c719b2645669fea8e9ac68ff709eceb75ffee34f834d75c5d215fc,.exb,YES,parsed all EXMARaLDA tiers/events source-faithfully
rog_slovenian_1_0_1_1_manual_prosody,ROG.zip,ROG/ROG-Art/EXB/Rog-Art-N-G6001-P600102.exb,917284,2927a7d1,88bd2c80b0f8651e3c9d462a141f8b7439f1d04dbdbdbc7299f3009c482d7c69,.exb,YES,parsed all EXMARaLDA tiers/events source-faithfully
rog_slovenian_1_0_1_1_manual_prosody,ROG.zip,ROG/ROG-Art/EXB/Rog-Art-N-G5020-P600012.exb,777939,0e55744a,1e7b1fc13e36892b95899207dae6ab9a139068339cebaec5b68d7770637e429e,.exb,YES,parsed all EXMARaLDA tiers/events source-faithfully
rog_slovenian_1_0_1_1_manual_prosody,ROG.zip,ROG/ROG-Art/EXB/Rog-Art-N-G5013-P600007.exb,694910,a7e38c65,bb169d10016bd14ddb14d8091fbcf00a418074cc75c5d5fae51160523ca039ed,.exb,YES,parsed all EXMARaLDA tiers/events source-faithfully
rog_slovenian_1_0_1_1_manual_prosody,ROG.zip,ROG/ROG-Art/EXB/Rog-Art-J-Gvecg-P500014.exb,1016591,7d7bad2d,fd86ae5260ac6e7a32e131c19ff39b1abbbbfa6367b10bbd932611a2db3c7d91,.exb,YES,parsed all EXMARaLDA tiers/events source-faithfully
rog_slovenian_1_0_1_1_manual_prosody,ROG.zip,ROG/ROG-Art/EXB/Rog-Art-J-Gvecg-P500063.exb,1239926,2230acc9,e60aad7abacc3ed7e26b3970f271dda0bf05b5c5c8cb1ebd0339fb74f452c167,.exb,YES,parsed all EXMARaLDA tiers/events source-faithfully
rog_slovenian_1_0_1_1_manual_prosody,ROG.zip,ROG/ROG-Art/EXB/Rog-Art-N-G5025-P600022.exb,685723,65806144,3cfdafeb23fdec48ca91e0c21c5e02f523946c89b1a8bfb1d879375565765656,.exb,YES,parsed all EXMARaLDA tiers/events source-faithfully
rog_slovenian_1_0_1_1_manual_prosody,ROG.zip,ROG/ROG-Art/EXB/Rog-Art-P-G7001-P700192.exb,901475,737b370b,92564acc9f012416a3c9d1ea6e729c81062442a114f3dbf08eb7e20303b4682b,.exb,YES,parsed all EXMARaLDA tiers/events source-faithfully
rog_slovenian_1_0_1_1_manual_prosody,ROG.zip,ROG/ROG-Art/EXB/Rog-Art-N-G5044-P600044.exb,491624,ac7d70b2,40de100ce1dc63f7041a406f8b602ed1373b0141de5ecf652a9ac28d3aa868f7,.exb,YES,parsed all EXMARaLDA tiers/events source-faithfully
rog_slovenian_1_0_1_1_manual_prosody,ROG.zip,ROG/ROG-Art/EXB/Rog-Art-P-G7002-P700444.exb,869126,bcb42f44,c6af4adc288aa001ce5b7fd594e3bb53cc236af5181cd6569d0d9a4b5c88661a,.exb,YES,parsed all EXMARaLDA tiers/events source-faithfully
rog_slovenian_1_0_1_1_manual_prosody,ROG.zip,ROG/ROG-Art/EXB/Rog-Art-N-G6083-P608301.exb,924702,d23560a6,6eca831d92bbe79df29ce323786947fe6d7f9f7d5d4931a266efad849576f5f4,.exb,YES,parsed all EXMARaLDA tiers/events source-faithfully
rog_slovenian_1_0_1_1_manual_prosody,ROG.zip,ROG/ROG-Art/EXB/Rog-Art-J-Gvecg-P580051.exb,1111459,e3bed005,def2bef573008d56eb4e8d68f438411b65dd833df44309fafc4f7e9c79ee995e,.exb,YES,parsed all EXMARaLDA tiers/events source-faithfully
rog_slovenian_1_0_1_1_manual_prosody,ROG.zip,ROG/ROG-Art/EXB/Rog-Art-P-G7165-P700926.exb,948803,2fe3dc34,75befb2435d49378980a5a52848db5b80337ad31e2ef0bffecad29d6de8d9cb6,.exb,YES,parsed all EXMARaLDA tiers/events source-faithfully
rog_slovenian_1_0_1_1_manual_prosody,ROG.zip,ROG/ROG-Art/EXB/Rog-Art-J-Gvecg-P500051.exb,1086790,e0fdafd5,73000efb42b52ff07a8e6b6f1e4319bbd812a78897b59cb0801a0003edb3bd76,.exb,YES,parsed all EXMARaLDA tiers/events source-faithfully
rog_slovenian_1_0_1_1_manual_prosody,ROG.zip,ROG/ROG-Art/EXB/Rog-Art-P-G7036-P701111.exb,912679,135059d9,0d8de1911a9056d993bae3a0bab03a6ff398133bf76958612114f15b7bf19a87,.exb,YES,parsed all EXMARaLDA tiers/events source-faithfully
rog_slovenian_1_0_1_1_manual_prosody,ROG.zip,ROG/ROG-Art/EXB/Rog-Art-N-G5043-P600044.exb,386766,99649da5,9a34e943e169999ef7c0bb909e7c733457c495cd96ffd741b8b4f69ea51a7882,.exb,YES,parsed all EXMARaLDA tiers/events source-faithfully
rog_slovenian_1_0_1_1_manual_prosody,ROG.zip,ROG/ROG-Art/EXB/Rog-Art-N-G5097-P600096.exb,1029374,c3e1ff54,44073765062f4af5b4af762a4e7d3079d4de3590074cd3059dab5e781efc1643,.exb,YES,parsed all EXMARaLDA tiers/events source-faithfully
rog_slovenian_1_0_1_1_manual_prosody,ROG.zip,ROG/ROG-Art/EXB/Rog-Art-N-G5053-P600052.exb,792642,1d5567e1,00303e4f7e6b8c921422a41d756ca00083cfbb5bd4ecdcab24c9289a58f5cc14,.exb,YES,parsed all EXMARaLDA tiers/events source-faithfully
rog_slovenian_1_0_1_1_manual_prosody,ROG.zip,ROG/ROG-Art/EXB/Rog-Art-J-Gvecg-P500048.exb,1179160,c18a2848,7a38778e32a0561fea109c0ef6566a83e5b3222cbafb92082af6a5c1a20d2e66,.exb,YES,parsed all EXMARaLDA tiers/events source-faithfully
rog_slovenian_1_0_1_1_manual_prosody,ROG.zip,ROG/ROG-Art/EXB/Rog-Art-J-Gvecg-P500026.exb,1156872,fd563172,32f44d9bbf97292bbcd7ddccc9da7439daef5f9a53d7195dbb421941726a4e28,.exb,YES,parsed all EXMARaLDA tiers/events source-faithfully
rog_slovenian_1_0_1_1_manual_prosody,ROG.zip,ROG/ROG-Art/EXB/Rog-Art-J-Gvecg-P500016.exb,1102930,e83bf1fb,5ad759e995f7e4f8e2b3001d19d19aa9891f6bbd230f7616398035b251412dc9,.exb,YES,parsed all EXMARaLDA tiers/events source-faithfully
rog_slovenian_1_0_1_1_manual_prosody,ROG.zip,ROG/ROG-Art/EXB/Rog-Art-N-G6012-P601201.exb,1021687,3e33bc0a,203a5a4a4d76c392353a391a3eaa60a037cb429445bf868eb55714d73bf01c86,.exb,YES,parsed all EXMARaLDA tiers/events source-faithfully
rog_slovenian_1_0_1_1_manual_prosody,ROG.zip,ROG/ROG-Art/EXB/Rog-Art-N-G5054-P600052.exb,731195,3a63b6de,affd2a0b01a20a2bf979ff358dec0db66c0aa734c6f57defdf00f4d37855c640,.exb,YES,parsed all EXMARaLDA tiers/events source-faithfully
rog_slovenian_1_0_1_1_manual_prosody,ROG.zip,ROG/ROG-Art/EXB/Rog-Art-J-Gvecg-P500054.exb,1113634,ed34056d,2f4a6e5c5ab073f25f2520738d8d223732b5bd932c23dbfda800ace63b27f194,.exb,YES,parsed all EXMARaLDA tiers/events source-faithfully
rog_slovenian_1_0_1_1_manual_prosody,ROG.zip,ROG/ROG-Art/EXB/Rog-Art-N-G6031-P603102.exb,983931,7173e6ce,aaeb0f949fb4f675054e7d45d0797261eccdf85865276dac5affe3c7b3209a68,.exb,YES,parsed all EXMARaLDA tiers/events source-faithfully
rog_slovenian_1_0_1_1_manual_prosody,ROG.zip,ROG/ROG-Art/EXB/Rog-Art-J-Gvecg-P580041.exb,1054649,90a89815,a48e1b3322ea138cacb1e90a10e6f337d2ed3e5e1d658bb58c5990ed83ff938b,.exb,YES,parsed all EXMARaLDA tiers/events source-faithfully
rog_slovenian_1_0_1_1_manual_prosody,ROG.zip,ROG/ROG-Art/EXB/Rog-Art-J-Gvecg-P500034.exb,1054368,87922975,e23dcc12055ec138a883938648f83322b83c0da58da498a14b0be8e43d00994c,.exb,YES,parsed all EXMARaLDA tiers/events source-faithfully
rog_slovenian_1_0_1_1_manual_prosody,ROG.zip,ROG/ROG-Art/EXB/Rog-Art-J-Gvecg-P580003.exb,1106625,4666d51d,418349d847f236a3f7c25e731e7b8503b6572cd57e3083ef5afd9521b3e84511,.exb,YES,parsed all EXMARaLDA tiers/events source-faithfully
rog_slovenian_1_0_1_1_manual_prosody,ROG.zip,ROG/ROG-Art/EXB/Rog-Art-N-G5025-P600021.exb,496025,6fe61f96,450099a320706d0381310a1b0af65a8242826e66225f118e272654e87d973f5b,.exb,YES,parsed all EXMARaLDA tiers/events source-faithfully
rog_slovenian_1_0_1_1_manual_prosody,ROG.zip,ROG/ROG-Art/EXB/Rog-Art-N-G6116-P611601.exb,1002440,f6d691c8,1e398c6a98755c2cbb98c7178039d9df32c970d4c6086332f71fc8c60dc1a331,.exb,YES,parsed all EXMARaLDA tiers/events source-faithfully
rog_slovenian_1_0_1_1_manual_prosody,ROG.zip,ROG/ROG-Art/EXB/Rog-Art-N-G6100-P610002.exb,1013789,358e696b,9e02f06ae289c7b91dd0738122b3b8aee8e423c3226f4aabf2146bd46cddff55,.exb,YES,parsed all EXMARaLDA tiers/events source-faithfully
rog_slovenian_1_0_1_1_manual_prosody,ROG.zip,ROG/ROG-Art/EXB/Rog-Art-P-G7065-P701064.exb,890406,aba847e7,2bff8dfbe1e2bc42db4d3f7dc57a8cf2597d980ebba82b17d1d64e983354c602,.exb,YES,parsed all EXMARaLDA tiers/events source-faithfully
rog_slovenian_1_0_1_1_manual_prosody,ROG.zip,ROG/ROG-Art/EXB/Rog-Art-N-G6112-P611202.exb,924176,fd8daf15,6781dcabe80ca474f871da6bb7d789c352d4df1c7015afb37b9f3f4bda6d1689,.exb,YES,parsed all EXMARaLDA tiers/events source-faithfully
rog_slovenian_1_0_1_1_manual_prosody,ROG.zip,ROG/ROG-Art/EXB/Rog-Art-N-G6047-P604702.exb,902684,4f4ec603,a81307a2b74a8fbbb9b06c09958f1fcf63ae1fb6da9ee2fe7fc3d8f385d9a20f,.exb,YES,parsed all EXMARaLDA tiers/events source-faithfully
rog_slovenian_1_0_1_1_manual_prosody,ROG.zip,ROG/ROG-Art/EXB/Rog-Art-N-G5019-P600012.exb,265880,079cd4ad,871cae7e8e0c16c0cdea7bb18e408726a0c9d6dffef0b7cccd3369e442c2903d,.exb,YES,parsed all EXMARaLDA tiers/events source-faithfully
rog_slovenian_1_0_1_1_manual_prosody,ROG.zip,ROG/ROG-Art/EXB/Rog-Art-N-G5026-P600021.exb,343962,0b9f57c4,e67b1de2814dfffe89db4909e80dd7962fa6dd35308e06365193b748a1055748,.exb,YES,parsed all EXMARaLDA tiers/events source-faithfully
rog_slovenian_1_0_1_1_manual_prosody,ROG.zip,ROG/ROG-Art/EXB/Rog-Art-N-G6103-P610302.exb,989878,17505fb4,6939e29fcb0330b94b3547f975841a6fe2c0f28874bd57ff2058f540f08e5853,.exb,YES,parsed all EXMARaLDA tiers/events source-faithfully
rog_slovenian_1_0_1_1_manual_prosody,ROG.zip,ROG/ROG-Art/EXB/Rog-Art-N-G5083-P600080.exb,843082,de1e1806,831859610fde138fa1edc5e85e2eba01f951407c46586bf64530887fced318d1,.exb,YES,parsed all EXMARaLDA tiers/events source-faithfully
rog_slovenian_1_0_1_1_manual_prosody,ROG.zip,ROG/ROG-Art/EXB/Rog-Art-N-G5082-P600080.exb,142194,cc213243,e20d0cd1b5d6de19d3d9631d2921bbf4ba25374ff820cb9101f8a79609149aff,.exb,YES,parsed all EXMARaLDA tiers/events source-faithfully
rog_slovenian_1_0_1_1_manual_prosody,ROG.zip,ROG/ROG-Art/EXB/Rog-Art-J-Gvecg-P580047.exb,1051707,7908ec2c,73591b3d831ffc3593380da77d267203cd7853ad9835d856c6a88f13c8b7f3a7,.exb,YES,parsed all EXMARaLDA tiers/events source-faithfully
rog_slovenian_1_0_1_1_manual_prosody,ROG.zip,ROG/ROG-Art/EXB/Rog-Art-P-G7155-P700259.exb,872175,be247f4f,f75eb88a72a5232e37f751629f87aa071902e89ec77bea7ee9526d1ad9bb041d,.exb,YES,parsed all EXMARaLDA tiers/events source-faithfully
rog_slovenian_1_0_1_1_manual_prosody,ROG.zip,ROG/ROG-Art/EXB/Rog-Art-J-Gvecg-P580009.exb,1115553,716831cf,b6a0e9f4a971a688c3a338d76602a76217afb72050e53a826d3c4b143d7de32f,.exb,YES,parsed all EXMARaLDA tiers/events source-faithfully
rog_slovenian_1_0_1_1_manual_prosody,ROG.zip,ROG/ROG-Art/EXB/Rog-Art-J-Gvecg-P500046.exb,1130792,fcce9563,03d15204419bf346fca56fc5f88ce1f1b66cfdd437d4c1124ab0ef095945b9aa,.exb,YES,parsed all EXMARaLDA tiers/events source-faithfully
rog_slovenian_1_0_1_1_manual_prosody,ROG.zip,ROG/ROG-Art/EXB/Rog-Art-N-G6043-P604301.exb,982313,5a028943,f27e3075cc4b96db85aa31b7bf291c5bf740765fb138330dc5bcd8dce9d68755,.exb,YES,parsed all EXMARaLDA tiers/events source-faithfully
rog_slovenian_1_0_1_1_manual_prosody,ROG.zip,ROG/ROG-Art/EXB/Rog-Art-J-Gvecg-P500028.exb,1176548,7cf96f05,a46d401e1b20ee7ed36115f7a472a29717b05a62ea3958e8e047647c67377574,.exb,YES,parsed all EXMARaLDA tiers/events source-faithfully
rog_slovenian_1_0_1_1_manual_prosody,ROG.zip,ROG/ROG-Art/EXB/Rog-Art-J-Gvecg-P500002.exb,870500,f4805eb0,1d6d73c2139b4f4760db94d343a163b235e4c3b875c2356e78200c5cb9c1e053,.exb,YES,parsed all EXMARaLDA tiers/events source-faithfully
rog_slovenian_1_0_1_1_manual_prosody,ROG.zip,ROG/ROG-Art/EXB/Rog-Art-N-G6007-P600702.exb,822931,db0bf48e,b8d31306ba729dadb765ca07b143533caee5e1c900127c4a7ba0023f92b1cf9a,.exb,YES,parsed all EXMARaLDA tiers/events source-faithfully
rog_slovenian_1_0_1_1_manual_prosody,ROG.zip,ROG/ROG-Art/EXB/Rog-Art-J-Gvecg-P500064.exb,1296663,2ace9372,af6badc4698bb9a67b2e4fcf1ea569b44eb90e8cd66028421a4db1ca73a563a7,.exb,YES,parsed all EXMARaLDA tiers/events source-faithfully
rog_slovenian_1_0_1_1_manual_prosody,ROG.zip,ROG/ROG-Art/EXB/Rog-Art-N-G5014-P600007.exb,573848,1cc0b854,3cc0e405d1015abdda5832ae1b9a508fa55227a0a67cc61abe69710b2f88a1ef,.exb,YES,parsed all EXMARaLDA tiers/events source-faithfully
rog_slovenian_1_0_1_1_manual_prosody,ROG.zip,ROG/ROG-Art/EXB/Rog-Art-J-Gvecg-P500001.exb,1066059,8feac752,f04c9f856dc57287d4f8496b4cfbe68e84a1dbda38ea7337d785fbf05b8a5e39,.exb,YES,parsed all EXMARaLDA tiers/events source-faithfully
rog_slovenian_1_0_1_1_manual_prosody,ROG.zip,ROG/ROG-Art/EXB/Rog-Art-J-Gvecg-P580023.exb,1212777,061f767f,9651b1e3c16c1fb48ac355113587c6985921dc4e0ec4eac50e1fbe56c0beac5f,.exb,YES,parsed all EXMARaLDA tiers/events source-faithfully
rog_slovenian_1_0_1_1_manual_prosody,ROG.zip,ROG/ROG-Art/EXB/Rog-Art-J-Gvecg-P500037.exb,1039850,f19c883c,c806bab929edad9005dbc9dc10fe3ad6759b86224bc7fefa72dfc212e0ded761,.exb,YES,parsed all EXMARaLDA tiers/events source-faithfully
rog_slovenian_1_0_1_1_manual_prosody,ROG.zip,ROG/ROG-Art/EXB/Rog-Art-J-Gvecg-P500021.exb,1094748,ffbe9566,d665708dbd88be0648c554db2abe08516fd3bfd82ff1601ab2c7ee8902335338,.exb,YES,parsed all EXMARaLDA tiers/events source-faithfully
rog_slovenian_1_0_1_1_manual_prosody,ROG.zip,ROG/ROG-Art/EXB/Rog-Art-N-G6060-P606001.exb,971002,3a46715b,f334f745f11d18a3767657d747edf191e59804f50624ecba3c792e1e98c96b2d,.exb,YES,parsed all EXMARaLDA tiers/events source-faithfully
rog_slovenian_1_0_1_1_manual_prosody,ROG.zip,ROG/ROG-Art/TRS/Rog-Art-J-Gvecg-P500016-std.trs,10379,20100be5,2cee46cc17af6a1377b43e73fc7cf83b05bd942971db6116abcafccca9857b5c,.trs,YES,parsed TRS turns source-faithfully
rog_slovenian_1_0_1_1_manual_prosody,ROG.zip,ROG/ROG-Art/TRS/Rog-Art-N-G5026-P600021-std.trs,12145,7e62701b,f8af789cc293bb62ccccb9bf0fa8aa4532e6d37107001568d243b18bbee28e08,.trs,YES,parsed TRS turns source-faithfully
rog_slovenian_1_0_1_1_manual_prosody,ROG.zip,ROG/ROG-Art/TRS/Rog-Art-J-Gvecg-P500037-std.trs,9039,88c1cc81,603ca35f2351a7d58e3308d6d4522d7351bcceaf9049367381cf5eabae7ec1e0,.trs,YES,parsed TRS turns source-faithfully
rog_slovenian_1_0_1_1_manual_prosody,ROG.zip,ROG/ROG-Art/TRS/Rog-Art-J-Gvecg-P500042-pog.trs,7841,886fc589,c594c9977bd4bd4ada70a2b5ddeddc110fc83e680eec4220ce38ba24ac3ad7e0,.trs,YES,parsed TRS turns source-faithfully
rog_slovenian_1_0_1_1_manual_prosody,ROG.zip,ROG/ROG-Art/TRS/Rog-Art-N-G5019-P600012-pog.trs,9750,9b7764c1,f4d606333835b96ff9994469878c77ad4bc7b46813c9089f2743f35c29986294,.trs,YES,parsed TRS turns source-faithfully
rog_slovenian_1_0_1_1_manual_prosody,ROG.zip,ROG/ROG-Art/TRS/Rog-Art-J-Gvecg-P500001-std.trs,10111,d1e0c257,f71a64024db0db53c6d84e0470fc9a4b2320d77aa22af538d01cce5446ce136b,.trs,YES,parsed TRS turns source-faithfully
rog_slovenian_1_0_1_1_manual_prosody,ROG.zip,ROG/ROG-Art/TRS/Rog-Art-N-G6001-P600102-pog.trs,7549,f3ede260,c3c833906e28559e62a3e3725f078b76979d8d42f1c972117e6cad0cb69e57d8,.trs,YES,parsed TRS turns source-faithfully
rog_slovenian_1_0_1_1_manual_prosody,ROG.zip,ROG/ROG-Art/TRS/Rog-Art-J-Gvecg-P580023-pog.trs,12931,abe2c85d,29ed95c82cd51cb632823df551a946254a9a9cf6072f5653c737a8c59e6ae90e,.trs,YES,parsed TRS turns source-faithfully
rog_slovenian_1_0_1_1_manual_prosody,ROG.zip,ROG/ROG-Art/TRS/Rog-Art-P-G7155-P700259-pog.trs,10552,e290d978,520a1912019ed83e2cebad11dbe32e47da46767a4c489da17e639acb55db2158,.trs,YES,parsed TRS turns source-faithfully
rog_slovenian_1_0_1_1_manual_prosody,ROG.zip,ROG/ROG-Art/TRS/Rog-Art-N-G5025-P600021-std.trs,13894,691d303f,bc9667f0f31d61d983f4e27dfcbf0bff76ca1862a02cd1493d63677c9073be4a,.trs,YES,parsed TRS turns source-faithfully
rog_slovenian_1_0_1_1_manual_prosody,ROG.zip,ROG/ROG-Art/TRS/Rog-Art-J-Gvecg-P500063-pog.trs,8801,2e99946f,5557e9018793f9eb4baee9b3ae1ec26c2f71e526f7420393e95b58be5a08bfe4,.trs,YES,parsed TRS turns source-faithfully
rog_slovenian_1_0_1_1_manual_prosody,ROG.zip,ROG/ROG-Art/TRS/Rog-Art-N-G5025-P600022-pog.trs,11379,f87bf16b,7a011ced3246db25fa9801116138beb62cfda2a50db1c334e815e4612c04c3af,.trs,YES,parsed TRS turns source-faithfully
rog_slovenian_1_0_1_1_manual_prosody,ROG.zip,ROG/ROG-Art/TRS/Rog-Art-J-Gvecg-P580003-std.trs,10496,5fc9b516,5e85cd82ee18a118ed2fdc674c9b372e67273c297a00d1202d3ff6c81c0f6414,.trs,YES,parsed TRS turns source-faithfully
rog_slovenian_1_0_1_1_manual_prosody,ROG.zip,ROG/ROG-Art/TRS/Rog-Art-N-G5082-P600080-std.trs,2792,adba6ffd,3c2fb2f419a8a85f3fa164b5e10f32e554cf206406ba0d2a4b7f612841823450,.trs,YES,parsed TRS turns source-faithfully
rog_slovenian_1_0_1_1_manual_prosody,ROG.zip,ROG/ROG-Art/TRS/Rog-Art-N-G6007-P600702-std.trs,6488,3c3e6d1e,62c4e67deb2a24fe3c3f9eb7628685381b638acecc58f0a4f4bc70a8f8edfbba,.trs,YES,parsed TRS turns source-faithfully
rog_slovenian_1_0_1_1_manual_prosody,ROG.zip,ROG/ROG-Art/TRS/Rog-Art-J-Gvecg-P500014-pog.trs,8532,09124224,0ab71a5cfca4f3994a80d3b78d221df4410d1fb5f5db56e4f499692390aa39fb,.trs,YES,parsed TRS turns source-faithfully
rog_slovenian_1_0_1_1_manual_prosody,ROG.zip,ROG/ROG-Art/TRS/Rog-Art-N-G5036-P600034-pog.trs,9516,427b0927,4d4b48e1312ddecf90ea1dee9a3f9b4b1c77a848a8c717d08013caf839fbdd62,.trs,YES,parsed TRS turns source-faithfully
rog_slovenian_1_0_1_1_manual_prosody,ROG.zip,ROG/ROG-Art/TRS/Rog-Art-N-G6103-P610302-std.trs,7877,b4ba0b7b,561dd530a37a7d14013af76fbb1990c9be55eaae94f0f9845b2e24cb0af1640f,.trs,YES,parsed TRS turns source-faithfully
rog_slovenian_1_0_1_1_manual_prosody,ROG.zip,ROG/ROG-Art/TRS/Rog-Art-N-G5097-P600096-pog.trs,7332,47b4d461,953906613434066d695f5ecf268dec22b0076191fb100216a37f78bd1117ff4c,.trs,YES,parsed TRS turns source-faithfully
rog_slovenian_1_0_1_1_manual_prosody,ROG.zip,ROG/ROG-Art/TRS/Rog-Art-N-G6100-P610002-pog.trs,7102,339a966a,21ffa25d13b928cb3f6602d7cda3fa7f0265541980e3003902122d54539ee468,.trs,YES,parsed TRS turns source-faithfully
rog_slovenian_1_0_1_1_manual_prosody,ROG.zip,ROG/ROG-Art/TRS/Rog-Art-N-G6012-P601201-std.trs,9952,bbef9bd9,8a76a89f2e31e8e05ba288911f825b474a6320bc1d9d0c40e10b40399c9c031a,.trs,YES,parsed TRS turns source-faithfully
rog_slovenian_1_0_1_1_manual_prosody,ROG.zip,ROG/ROG-Art/TRS/Rog-Art-N-G6116-P611601-pog.trs,10407,324907df,92e4a72ead3029057e094c4bc6f1b839e50e4bcb3c58df483f87626986b1a574,.trs,YES,parsed TRS turns source-faithfully
rog_slovenian_1_0_1_1_manual_prosody,ROG.zip,ROG/ROG-Art/TRS/Rog-Art-N-G5014-P600007-std.trs,10604,a4835624,6aacd03b70f831c598671327468dc53f7cf8c232f48d97f1ad7f1ceeebea7bfc,.trs,YES,parsed TRS turns source-faithfully
rog_slovenian_1_0_1_1_manual_prosody,ROG.zip,ROG/ROG-Art/TRS/Rog-Art-N-G6047-P604702-std.trs,12159,d29237bf,b62f53938c4f0c150932029e381c8693ceca47d5a9f126c7dbb2feec27f8a6e5,.trs,YES,parsed TRS turns source-faithfully
rog_slovenian_1_0_1_1_manual_prosody,ROG.zip,ROG/ROG-Art/TRS/Rog-Art-N-G5097-P600096-std.trs,7534,b32ff3d9,dd43c1dcffe956be99a9165c9a73c81d880f1088c93faeb8b587d27a5bd45f00,.trs,YES,parsed TRS turns source-faithfully
rog_slovenian_1_0_1_1_manual_prosody,ROG.zip,ROG/ROG-Art/TRS/Rog-Art-J-Gvecg-P580047-std.trs,9063,c37d42bd,27e6e8be1ea37639e3c2cd4f246b6b91e8b2811338f23ccdbb133b2f247aabf2,.trs,YES,parsed TRS turns source-faithfully
rog_slovenian_1_0_1_1_manual_prosody,ROG.zip,ROG/ROG-Art/TRS/Rog-Art-N-G5054-P600052-pog.trs,16054,3bccac14,f232e778ffa018d347371528df3e22c6d179635d532800c7d550849838d597f7,.trs,YES,parsed TRS turns source-faithfully
rog_slovenian_1_0_1_1_manual_prosody,ROG.zip,ROG/ROG-Art/TRS/Rog-Art-J-Gvecg-P580051-pog.trs,13730,87a71c28,2ce644cfbc995c584063718f919c7b91a6071f7ba9608a42da78a489e3d6bc16,.trs,YES,parsed TRS turns source-faithfully
rog_slovenian_1_0_1_1_manual_prosody,ROG.zip,ROG/ROG-Art/TRS/Rog-Art-N-G5083-P600080-pog.trs,6983,7940763d,dbabb0fca88b3472ef95440b7396b8053ff0c3f3b7976303d9badc33b6451c0a,.trs,YES,parsed TRS turns source-faithfully
rog_slovenian_1_0_1_1_manual_prosody,ROG.zip,ROG/ROG-Art/TRS/Rog-Art-P-G7002-P700444-std.trs,10960,113731d2,f6d7cd78052c099622ef0b65a3c138c9ff8c5f29bcbf26fa1cb1076ab0d12f29,.trs,YES,parsed TRS turns source-faithfully
rog_slovenian_1_0_1_1_manual_prosody,ROG.zip,ROG/ROG-Art/TRS/Rog-Art-N-G6116-P611601-std.trs,10618,32b78454,b364411cc9c696b7169b8f9c8a0ba08bc70c09c367c615fc85f6bde1f2b26852,.trs,YES,parsed TRS turns source-faithfully
rog_slovenian_1_0_1_1_manual_prosody,ROG.zip,ROG/ROG-Art/TRS/Rog-Art-P-G7001-P700192-std.trs,10264,0816ecf6,fa21dbe95782b5fce60981fc933303e8ad45bb9d918910f789f774bd9da6ca2b,.trs,YES,parsed TRS turns source-faithfully
rog_slovenian_1_0_1_1_manual_prosody,ROG.zip,ROG/ROG-Art/TRS/Rog-Art-J-Gvecg-P500037-pog.trs,8880,f905dbf5,9eb26755fae0ceb16e759b4b7d7bc52e32a225c355706200ec35f92f56861af4,.trs,YES,parsed TRS turns source-faithfully
rog_slovenian_1_0_1_1_manual_prosody,ROG.zip,ROG/ROG-Art/TRS/Rog-Art-N-G6043-P604301-std.trs,9049,801481c9,725e60de849d193cc4347f094da0c2a616c8310572c17f8973589ab1ab44db74,.trs,YES,parsed TRS turns source-faithfully
rog_slovenian_1_0_1_1_manual_prosody,ROG.zip,ROG/ROG-Art/TRS/Rog-Art-P-G7155-P700259-std.trs,10739,687f1e19,2df32b1258987256d9b06b1683b387f06e8105967aaf312de2c953187e4de946,.trs,YES,parsed TRS turns source-faithfully
rog_slovenian_1_0_1_1_manual_prosody,ROG.zip,ROG/ROG-Art/TRS/Rog-Art-N-G5035-P600034-pog.trs,9466,2978efee,f2ef9fe2c6dea7c5d5b967d3585ccf6ec635d030583fce6569e80461880b8652,.trs,YES,parsed TRS turns source-faithfully
rog_slovenian_1_0_1_1_manual_prosody,ROG.zip,ROG/ROG-Art/TRS/Rog-Art-N-G6031-P603102-pog.trs,9104,cc2ba60a,98950bb49e1655466ba199becb6405eeebe1f9bca111a152ebc85a27ebdd034c,.trs,YES,parsed TRS turns source-faithfully
rog_slovenian_1_0_1_1_manual_prosody,ROG.zip,ROG/ROG-Art/TRS/Rog-Art-N-G5054-P600052-std.trs,16199,ccbd41ae,66880c927dfbb1456e94dd3c952b4897f2c8332f99ad64a6829f0d7764e3f8f8,.trs,YES,parsed TRS turns source-faithfully
rog_slovenian_1_0_1_1_manual_prosody,ROG.zip,ROG/ROG-Art/TRS/Rog-Art-J-Gvecg-P500014-std.trs,8709,96b91a85,59af9b8541c3648431d955d756b85a40ca93dcfdd5ffc7b942c823df50fbaf8b,.trs,YES,parsed TRS turns source-faithfully
rog_slovenian_1_0_1_1_manual_prosody,ROG.zip,ROG/ROG-Art/TRS/Rog-Art-J-Gvecg-P580009-std.trs,10308,9317491d,04ac48ed8e2cf5b9fc1cef785fdcb99202ba6ed7d1bca2147a616eccd5ba96ae,.trs,YES,parsed TRS turns source-faithfully
rog_slovenian_1_0_1_1_manual_prosody,ROG.zip,ROG/ROG-Art/TRS/Rog-Art-N-G6007-P600702-pog.trs,6375,cdd7e125,541bd4f37c2820435ff9c4565e73d226bfe72dad5682585ec58cf60057c7d3e7,.trs,YES,parsed TRS turns source-faithfully
rog_slovenian_1_0_1_1_manual_prosody,ROG.zip,ROG/ROG-Art/TRS/Rog-Art-J-Gvecg-P500028-std.trs,9661,1ca42204,b970cdd8246dca20268351f6f0a186befab22d78414e01c95aa9b437cd8d442a,.trs,YES,parsed TRS turns source-faithfully
rog_slovenian_1_0_1_1_manual_prosody,ROG.zip,ROG/ROG-Art/TRS/Rog-Art-N-G6112-P611202-pog.trs,8242,7d61b7f2,07548dd964b721a269b64a50a27cf006f7702520e135dc9a58b42448569a4080,.trs,YES,parsed TRS turns source-faithfully
rog_slovenian_1_0_1_1_manual_prosody,ROG.zip,ROG/ROG-Art/TRS/Rog-Art-N-G5083-P600080-std.trs,7088,9355709c,cef88150406a9cbf9d34b6ce4d46633a9b16b783063505a4671b9e9e6d686f53,.trs,YES,parsed TRS turns source-faithfully
rog_slovenian_1_0_1_1_manual_prosody,ROG.zip,ROG/ROG-Art/TRS/Rog-Art-P-G7036-P701111-pog.trs,11513,cd5720fc,a4bd049f453972dc3118509c0c2c386bb5b4f92cd4730a644240d17d5a532895,.trs,YES,parsed TRS turns source-faithfully
rog_slovenian_1_0_1_1_manual_prosody,ROG.zip,ROG/ROG-Art/TRS/Rog-Art-N-G5044-P600044-pog.trs,9746,d1838185,92475b6ddd08747b5e0144d376df878c07bc1c1b08f7159f528c622fe41dbb92,.trs,YES,parsed TRS turns source-faithfully
rog_slovenian_1_0_1_1_manual_prosody,ROG.zip,ROG/ROG-Art/TRS/Rog-Art-J-Gvecg-P580047-pog.trs,9005,bd886ac0,148009fe9c42f430d6c2bb33eb14eb4d8fd7cb48c8fb1d85713114e44e52396d,.trs,YES,parsed TRS turns source-faithfully
rog_slovenian_1_0_1_1_manual_prosody,ROG.zip,ROG/ROG-Art/TRS/Rog-Art-N-G6100-P610002-std.trs,7171,3495f893,5fea384362c13e74b3d86d8fdee65964cf3a5f9b56549351411cdde1dfe77c2d,.trs,YES,parsed TRS turns source-faithfully
rog_slovenian_1_0_1_1_manual_prosody,ROG.zip,ROG/ROG-Art/TRS/Rog-Art-N-G5053-P600052-pog.trs,18983,6c030137,e1e55dfdec9ff88ae3ae32e89ceaecf1e6cdddf43d44989cf2e576ce22d13fcf,.trs,YES,parsed TRS turns source-faithfully
rog_slovenian_1_0_1_1_manual_prosody,ROG.zip,ROG/ROG-Art/TRS/Rog-Art-N-G6083-P608301-std.trs,10768,49a1fc26,2780cd95c7103fdc043de462e66afdcabb6557bd1197b96f386c54e3b15d5a46,.trs,YES,parsed TRS turns source-faithfully
rog_slovenian_1_0_1_1_manual_prosody,ROG.zip,ROG/ROG-Art/TRS/Rog-Art-J-Gvecg-P580041-pog.trs,10522,5b1767fa,332a86d2785a06ebd1d593520e1e4c16c9af6fb37370363868b3052fc8827f88,.trs,YES,parsed TRS turns source-faithfully
rog_slovenian_1_0_1_1_manual_prosody,ROG.zip,ROG/ROG-Art/TRS/Rog-Art-N-G5014-P600007-pog.trs,10451,74947f89,cbe663a0c8c00c108c2c6ae8f8ee114667829c654d70f387d8d21599e6004901,.trs,YES,parsed TRS turns source-faithfully
rog_slovenian_1_0_1_1_manual_prosody,ROG.zip,ROG/ROG-Art/TRS/Rog-Art-N-G5020-P600012-pog.trs,15088,e7d07db1,70e40ae2b71307a03c567699ed8dae8de871696dd85284c64bd1d2e0e7dc9530,.trs,YES,parsed TRS turns source-faithfully
rog_slovenian_1_0_1_1_manual_prosody,ROG.zip,ROG/ROG-Art/TRS/Rog-Art-N-G5043-P600044-pog.trs,9449,7a05aa5a,527bcb61c60752608e2a0ce0ebfc8e191f70d479eca6c4af82c30603d43d56e5,.trs,YES,parsed TRS turns source-faithfully
rog_slovenian_1_0_1_1_manual_prosody,ROG.zip,ROG/ROG-Art/TRS/Rog-Art-J-Gvecg-P580041-std.trs,10686,7c85f36d,f62beebc0b41361be6af6729b78cbeedca8b63cec3e22e6630575fd641f5d309,.trs,YES,parsed TRS turns source-faithfully
rog_slovenian_1_0_1_1_manual_prosody,ROG.zip,ROG/ROG-Art/TRS/Rog-Art-J-Gvecg-P500064-pog.trs,9698,6bd36fd2,d7a263eb521713b1b73783be12a40b9be991a77b3c2434c5b1a9286321634430,.trs,YES,parsed TRS turns source-faithfully
rog_slovenian_1_0_1_1_manual_prosody,ROG.zip,ROG/ROG-Art/TRS/Rog-Art-J-Gvecg-P500051-std.trs,10799,cad3b244,2b070604d6d1c43ef39baa4080fd2b83f6986d77642f2b8d291322a8fa686cfc,.trs,YES,parsed TRS turns source-faithfully
rog_slovenian_1_0_1_1_manual_prosody,ROG.zip,ROG/ROG-Art/TRS/Rog-Art-J-Gvecg-P500016-pog.trs,10262,df6a572a,cfaf81952a4277ceeaaa45d28e204cd87d77fc198c482c17968cb5281a0c5a91,.trs,YES,parsed TRS turns source-faithfully
rog_slovenian_1_0_1_1_manual_prosody,ROG.zip,ROG/ROG-Art/TRS/Rog-Art-N-G5035-P600034-std.trs,9555,b4c48c6b,d221e164c308028dd6d805915363118697f399faa765d6392bb5dfe771be0287,.trs,YES,parsed TRS turns source-faithfully
rog_slovenian_1_0_1_1_manual_prosody,ROG.zip,ROG/ROG-Art/TRS/Rog-Art-J-Gvecg-P500021-pog.trs,7429,5f9186a0,58c021833f1f6587c613cefbcf82ab64fd411acb44bb506909186db1a04e5fb0,.trs,YES,parsed TRS turns source-faithfully
rog_slovenian_1_0_1_1_manual_prosody,ROG.zip,ROG/ROG-Art/TRS/Rog-Art-J-Gvecg-P500054-pog.trs,8968,ef6a72bf,9017ad24b614aabd0a32ed1e8137c7d8eb8da5da281e50fd3367301fb6628156,.trs,YES,parsed TRS turns source-faithfully
rog_slovenian_1_0_1_1_manual_prosody,ROG.zip,ROG/ROG-Art/TRS/Rog-Art-N-G5026-P600021-pog.trs,12078,1d0b017e,dd72d10fefab53d67845de5c8628823efc061be902eeee3514bc720bff22e80c,.trs,YES,parsed TRS turns source-faithfully
rog_slovenian_1_0_1_1_manual_prosody,ROG.zip,ROG/ROG-Art/TRS/Rog-Art-J-Gvecg-P500048-pog.trs,8787,40dbd179,837d8e9ba888aa063ae25bbb6b8fde04d1cbb3f68f8f499707a568331c62f08c,.trs,YES,parsed TRS turns source-faithfully
rog_slovenian_1_0_1_1_manual_prosody,ROG.zip,ROG/ROG-Art/TRS/Rog-Art-P-G7165-P700926-pog.trs,14519,92d0f407,b9899dd1c55d8f98b9a3b58f70126efd32a649b3d447b12755e69224ee1dccf6,.trs,YES,parsed TRS turns source-faithfully
rog_slovenian_1_0_1_1_manual_prosody,ROG.zip,ROG/ROG-Art/TRS/Rog-Art-J-Gvecg-P580002-std.trs,9189,98561da7,dffd794768d60672c4d86b9715b42b4e4ad66017157a7c0ca11c45ab475b8d1c,.trs,YES,parsed TRS turns source-faithfully
rog_slovenian_1_0_1_1_manual_prosody,ROG.zip,ROG/ROG-Art/TRS/Rog-Art-P-G7001-P700192-pog.trs,10103,78a159ef,03e5953cab7db36716ecba0610ec684f4bd148006899f7d087ef32bfe1dc91e5,.trs,YES,parsed TRS turns source-faithfully
rog_slovenian_1_0_1_1_manual_prosody,ROG.zip,ROG/ROG-Art/TRS/Rog-Art-J-Gvecg-P580023-std.trs,13137,ae5d3c4f,8cfd534d1285f4290ec0142ab249a8ecf2cf8ed4113c062f2ec9aac2597dbe3b,.trs,YES,parsed TRS turns source-faithfully
rog_slovenian_1_0_1_1_manual_prosody,ROG.zip,ROG/ROG-Art/TRS/Rog-Art-N-G6047-P604702-pog.trs,12055,cfea20ef,5252d850f70bb192cbe9a9ac9f5686d15aa30c799c3b6182b07ab0e5e9a8d00a,.trs,YES,parsed TRS turns source-faithfully
rog_slovenian_1_0_1_1_manual_prosody,ROG.zip,ROG/ROG-Art/TRS/Rog-Art-J-Gvecg-P500034-std.trs,8850,e4e5151a,c96a495ed01a1dbe38b5b03a94f49b7dbb615df13951699dc58c7ee696757e23,.trs,YES,parsed TRS turns source-faithfully
rog_slovenian_1_0_1_1_manual_prosody,ROG.zip,ROG/ROG-Art/TRS/Rog-Art-J-Gvecg-P500002-std.trs,8768,02fddc31,f844314fbb59d5653114beaa92e4a12777a6783b9fa1a9f48787a8a5d9bd5f75,.trs,YES,parsed TRS turns source-faithfully
rog_slovenian_1_0_1_1_manual_prosody,ROG.zip,ROG/ROG-Art/TRS/Rog-Art-J-Gvecg-P500046-pog.trs,10547,21bb9a95,3299aadfe0723d8bd261f546d40d4ae73162aaf90e691fa1cfe39be375c27056,.trs,YES,parsed TRS turns source-faithfully
rog_slovenian_1_0_1_1_manual_prosody,ROG.zip,ROG/ROG-Art/TRS/Rog-Art-N-G5013-P600007-pog.trs,11817,1d82507c,6eda52a463d6ecc21c405a951f1e166dc6938a06cd920b15b99d7c9c582b3c63,.trs,YES,parsed TRS turns source-faithfully
rog_slovenian_1_0_1_1_manual_prosody,ROG.zip,ROG/ROG-Art/TRS/Rog-Art-P-G7036-P701111-std.trs,11671,0b15a8dd,2bae6e7a093ffa7f78129779bc51af631c87d50831f600e6a5ef706a218965b7,.trs,YES,parsed TRS turns source-faithfully
rog_slovenian_1_0_1_1_manual_prosody,ROG.zip,ROG/ROG-Art/TRS/Rog-Art-J-Gvecg-P580051-std.trs,13884,e935ca94,8ac5b8162da504f9faaed8ca1b25d4c13cf63b9e35330f9464ade21c6338723e,.trs,YES,parsed TRS turns source-faithfully
rog_slovenian_1_0_1_1_manual_prosody,ROG.zip,ROG/ROG-Art/TRS/Rog-Art-N-G6001-P600102-std.trs,7646,a839c5e6,70ac6b5f4a5682061531875dbd4d8b5bffd259f386ec7ae2c68cc278cb197bff,.trs,YES,parsed TRS turns source-faithfully
rog_slovenian_1_0_1_1_manual_prosody,ROG.zip,ROG/ROG-Art/TRS/Rog-Art-P-G7165-P700926-std.trs,14704,bb055e2a,559a7053979dbbf55bf6295e8808763c76776bd8e256c2060ad5adc9b7fa5c54,.trs,YES,parsed TRS turns source-faithfully
rog_slovenian_1_0_1_1_manual_prosody,ROG.zip,ROG/ROG-Art/TRS/Rog-Art-J-Gvecg-P580002-pog.trs,9083,275fd8c0,91af15d056abb7bae8c780fef8361422bc05e9acf1d896608d3aeef48ed86060,.trs,YES,parsed TRS turns source-faithfully
rog_slovenian_1_0_1_1_manual_prosody,ROG.zip,ROG/ROG-Art/TRS/Rog-Art-J-Gvecg-P580009-pog.trs,10168,3a399be8,2d553e607776399098e8e4f102eacfcb818be9886c90b136e9d301bd405007d6,.trs,YES,parsed TRS turns source-faithfully
rog_slovenian_1_0_1_1_manual_prosody,ROG.zip,ROG/ROG-Art/TRS/Rog-Art-P-G7002-P700444-pog.trs,10832,9e0e46d4,6868e990f187c7256020ff9784de32b134dad95543a1d8ced72d75aca7c7f68f,.trs,YES,parsed TRS turns source-faithfully
rog_slovenian_1_0_1_1_manual_prosody,ROG.zip,ROG/ROG-Art/TRS/Rog-Art-N-G6012-P601201-pog.trs,9781,bc5ba041,5b84e08c14d0225485ca245f81d27ad2805382498b8d3644aeb1273c68577ac7,.trs,YES,parsed TRS turns source-faithfully
rog_slovenian_1_0_1_1_manual_prosody,ROG.zip,ROG/ROG-Art/TRS/Rog-Art-J-Gvecg-P500054-std.trs,9074,ff4a703a,c321630ebb88bfdd426a068eb607bd0728f33638d380a094e54d5853853992e3,.trs,YES,parsed TRS turns source-faithfully
rog_slovenian_1_0_1_1_manual_prosody,ROG.zip,ROG/ROG-Art/TRS/Rog-Art-N-G6083-P608301-pog.trs,10567,d126484b,a55983e0fa9e7d4ded9576ee6c21525a75704e1e452f328fd9695486bd151341,.trs,YES,parsed TRS turns source-faithfully
rog_slovenian_1_0_1_1_manual_prosody,ROG.zip,ROG/ROG-Art/TRS/Rog-Art-J-Gvecg-P500001-pog.trs,9978,0d5ffc13,9843f8745e4d81c918ed75eeb3f7a768586be1372dc9d3da5b0328ab5697efed,.trs,YES,parsed TRS turns source-faithfully
rog_slovenian_1_0_1_1_manual_prosody,ROG.zip,ROG/ROG-Art/TRS/Rog-Art-J-Gvecg-P500026-pog.trs,11274,d7ddb4e4,518af2ce8507c57799125a31f4b53cd2953d8febc1b80f37f2dcb18c2170b397,.trs,YES,parsed TRS turns source-faithfully
rog_slovenian_1_0_1_1_manual_prosody,ROG.zip,ROG/ROG-Art/TRS/Rog-Art-J-Gvecg-P500064-std.trs,9820,f76c96b9,52913b2331592ff04bbfbbbbe39aabe765ff0eb496e07a9dff29dcc6803935f9,.trs,YES,parsed TRS turns source-faithfully
rog_slovenian_1_0_1_1_manual_prosody,ROG.zip,ROG/ROG-Art/TRS/Rog-Art-J-Gvecg-P500046-std.trs,10681,cae3be5c,949e55ded25d0413a3d4b33d58a7789a9b2b474ad8d46a2b5cd1875b72cea247,.trs,YES,parsed TRS turns source-faithfully
rog_slovenian_1_0_1_1_manual_prosody,ROG.zip,ROG/ROG-Art/TRS/Rog-Art-J-Gvecg-P500026-std.trs,11497,71b7ad0e,46da626691210dd0c70da06866aa3b1d121fa0df68f8f013ec4d2d2d5a3e815c,.trs,YES,parsed TRS turns source-faithfully
rog_slovenian_1_0_1_1_manual_prosody,ROG.zip,ROG/ROG-Art/TRS/Rog-Art-J-Gvecg-P500034-pog.trs,8721,b07e2f9a,e7a30fecf23267fe448bc3703568b8ab795c9fe6271ed7124872ce4285c2a27e,.trs,YES,parsed TRS turns source-faithfully
rog_slovenian_1_0_1_1_manual_prosody,ROG.zip,ROG/ROG-Art/TRS/Rog-Art-N-G5013-P600007-std.trs,11972,c195037c,46b94b07bbd42bedb69d19e4e8ac3bf06c6ef97ac5362453ff86f453db65eab1,.trs,YES,parsed TRS turns source-faithfully
rog_slovenian_1_0_1_1_manual_prosody,ROG.zip,ROG/ROG-Art/TRS/Rog-Art-J-Gvecg-P580003-pog.trs,10298,cfa31fcd,fc4ff5f393a9656d6a4adac4eb2e65098e7b07659fa3596b01865c23a3749045,.trs,YES,parsed TRS turns source-faithfully
rog_slovenian_1_0_1_1_manual_prosody,ROG.zip,ROG/ROG-Art/TRS/Rog-Art-N-G5036-P600034-std.trs,9610,19908ff0,3cdd0339cdf222ce868dc27c35f7461fd163014a41cc3c9c541529dcb33c7bdb,.trs,YES,parsed TRS turns source-faithfully
rog_slovenian_1_0_1_1_manual_prosody,ROG.zip,ROG/ROG-Art/TRS/Rog-Art-P-G7065-P701064-std.trs,11221,f9ef227a,ea5d43f1d8657e15fba65006a47aefff6fe9e177d3bdea0a9cbe0bb6c808b74c,.trs,YES,parsed TRS turns source-faithfully
rog_slovenian_1_0_1_1_manual_prosody,ROG.zip,ROG/ROG-Art/TRS/Rog-Art-N-G5082-P600080-pog.trs,2777,a3026e63,575b07a6f47859d6b4b6a7465332932199e24b9284639d6a23ffefb893934da4,.trs,YES,parsed TRS turns source-faithfully
rog_slovenian_1_0_1_1_manual_prosody,ROG.zip,ROG/ROG-Art/TRS/Rog-Art-N-G5020-P600012-std.trs,15239,b1382b38,dbcbdca168fc08d98bf859a10b4931ce9eb73dbb768dd28532f9255341f3e1a5,.trs,YES,parsed TRS turns source-faithfully
rog_slovenian_1_0_1_1_manual_prosody,ROG.zip,ROG/ROG-Art/TRS/Rog-Art-J-Gvecg-P500051-pog.trs,10654,bcc8fa64,440cca507e19a98c197664c185e1ded784685f0231f8f945729eb490381855a8,.trs,YES,parsed TRS turns source-faithfully
rog_slovenian_1_0_1_1_manual_prosody,ROG.zip,ROG/ROG-Art/TRS/Rog-Art-N-G5019-P600012-std.trs,9818,0e9750e3,70186f8ac157a831a446343949c843a80fb5db50d41afe8eb2b9a24657c5a450,.trs,YES,parsed TRS turns source-faithfully
rog_slovenian_1_0_1_1_manual_prosody,ROG.zip,ROG/ROG-Art/TRS/Rog-Art-N-G5044-P600044-std.trs,9836,fef3c93e,c269ed102662209a880836e4e085b7b071dccee2fc2c20530e002c62ee04e906,.trs,YES,parsed TRS turns source-faithfully
rog_slovenian_1_0_1_1_manual_prosody,ROG.zip,ROG/ROG-Art/TRS/Rog-Art-N-G6103-P610302-pog.trs,7775,4b585959,5dc1dd0cae7ca88f5106af0961d388fb659cb6426ae2c9f6e23935c6d463a926,.trs,YES,parsed TRS turns source-faithfully
rog_slovenian_1_0_1_1_manual_prosody,ROG.zip,ROG/ROG-Art/TRS/Rog-Art-N-G5043-P600044-std.trs,9536,22ab785a,97096960b27452850528ba51713724e59a261868b3d9a298e8a4d6039d9d4522,.trs,YES,parsed TRS turns source-faithfully
rog_slovenian_1_0_1_1_manual_prosody,ROG.zip,ROG/ROG-Art/TRS/Rog-Art-N-G5053-P600052-std.trs,19152,e9085368,d5520ff1bfcc839bc821cfab7d25630b2949c47cf4030ae44cdc3108fa886bcc,.trs,YES,parsed TRS turns source-faithfully
rog_slovenian_1_0_1_1_manual_prosody,ROG.zip,ROG/ROG-Art/TRS/Rog-Art-P-G7065-P701064-pog.trs,11076,79d6a82c,b5294c43a6c3407af73e1af9826579fe11fcee2503d8cfe79e2a1c035dd09c99,.trs,YES,parsed TRS turns source-faithfully
rog_slovenian_1_0_1_1_manual_prosody,ROG.zip,ROG/ROG-Art/TRS/Rog-Art-N-G6043-P604301-pog.trs,8813,1b32ff8b,e161ef2e9ea9ed88411ae8f14985289a9e941bf15db4712e3ef4591784add4ff,.trs,YES,parsed TRS turns source-faithfully
rog_slovenian_1_0_1_1_manual_prosody,ROG.zip,ROG/ROG-Art/TRS/Rog-Art-N-G5025-P600022-std.trs,11550,183f4311,88f8de30695ae457a735a6664321a9088c6d78c05d72b8be7fc4074425a9e332,.trs,YES,parsed TRS turns source-faithfully
rog_slovenian_1_0_1_1_manual_prosody,ROG.zip,ROG/ROG-Art/TRS/Rog-Art-J-Gvecg-P500063-std.trs,8943,024b2acd,2f00f8a53a541bf2d0be37f0632866c9b9ff1368e318a8819ebb4e24d361d862,.trs,YES,parsed TRS turns source-faithfully
rog_slovenian_1_0_1_1_manual_prosody,ROG.zip,ROG/ROG-Art/TRS/Rog-Art-J-Gvecg-P500002-pog.trs,8669,1056dd25,31b1b34a2053a9c5a1b975868e1ba52ab2cb7ead24a94f0dd438e2df92aba9e5,.trs,YES,parsed TRS turns source-faithfully
rog_slovenian_1_0_1_1_manual_prosody,ROG.zip,ROG/ROG-Art/TRS/Rog-Art-N-G6060-P606001-pog.trs,10912,f751824c,fbc83415d8df18ab86e84d6aadabed813807f96f0eeebddb328cd80a1e0e1646,.trs,YES,parsed TRS turns source-faithfully
rog_slovenian_1_0_1_1_manual_prosody,ROG.zip,ROG/ROG-Art/TRS/Rog-Art-J-Gvecg-P500021-std.trs,7546,be9cf161,dd69eec0eeb032227bcc305c02456455bb5496734b845ce18fea1919b5308272,.trs,YES,parsed TRS turns source-faithfully
rog_slovenian_1_0_1_1_manual_prosody,ROG.zip,ROG/ROG-Art/TRS/Rog-Art-J-Gvecg-P500048-std.trs,8886,4892a191,ae894691896d744d3aaac832f9b075c789d6656b8eb70f66086e7a5735f356cf,.trs,YES,parsed TRS turns source-faithfully
rog_slovenian_1_0_1_1_manual_prosody,ROG.zip,ROG/ROG-Art/TRS/Rog-Art-J-Gvecg-P500028-pog.trs,9487,7b37b0bc,c9553a60f2e4d3c3c1dc8ae6da8ace470112e40f9ecc89c3e39c2a79e35050ab,.trs,YES,parsed TRS turns source-faithfully
rog_slovenian_1_0_1_1_manual_prosody,ROG.zip,ROG/ROG-Art/TRS/Rog-Art-N-G6060-P606001-std.trs,11036,d0a2c336,4146da818920b02513ca05921daa1bf63609ad3d694fa9817b6b88e9a489329b,.trs,YES,parsed TRS turns source-faithfully
rog_slovenian_1_0_1_1_manual_prosody,ROG.zip,ROG/ROG-Art/TRS/Rog-Art-N-G6112-P611202-std.trs,8386,9fa60d9a,5c1c54b0efb8c5c732a2ce467e9dbc7fd2eded7b14f9ca2c118ad8211af4e56d,.trs,YES,parsed TRS turns source-faithfully
rog_slovenian_1_0_1_1_manual_prosody,ROG.zip,ROG/ROG-Art/TRS/Rog-Art-N-G6031-P603102-std.trs,9223,87624051,da7a1b7a99de796d1ff0884d0463caf11caeb6ea71df1484ceb1b1b0f209edbe,.trs,YES,parsed TRS turns source-faithfully
rog_slovenian_1_0_1_1_manual_prosody,ROG.zip,ROG/ROG-Art/TRS/Rog-Art-N-G5025-P600021-pog.trs,13791,0f5af722,87fc7594e36880216deadc6fd4dfef9ee1142ea4dbf13b43d54b60e0efac9406,.trs,YES,parsed TRS turns source-faithfully
rog_slovenian_1_0_1_1_manual_prosody,ROG.zip,ROG/ROG-Art/TRS/Rog-Art-J-Gvecg-P500042-std.trs,7993,4ea8dc87,e6b1e2b95545c794427949ea816c7ebf256997fd71f2f1bc5b917e4485ce77b9,.trs,YES,parsed TRS turns source-faithfully
rog_slovenian_1_0_1_1_manual_prosody,ROG.zip,ROG/ROG-Art/TeG/Rog-Art-J-Gvecg-P500034.TextGrid,1440501,df3fb21f,bf927274142813f45acd5b7a57f5b381a7e16d5357bd9dce0a00ee6d83eb57c8,.textgrid,NO,
rog_slovenian_1_0_1_1_manual_prosody,ROG.zip,ROG/ROG-Art/TeG/Rog-Art-J-Gvecg-P580003.TextGrid,1379229,d88afa29,d77a7f77c156b45a0ef8febe93c47ba88858a160f73f6ccc8a858fb28ceb1304,.textgrid,NO,
rog_slovenian_1_0_1_1_manual_prosody,ROG.zip,ROG/ROG-Art/TeG/Rog-Art-N-G5014-P600007.TextGrid,659688,dbf97459,e251b889a61e4adb05ad84eff03d62070cf710dd7d1c5dd57337d9dc234d0970,.textgrid,NO,
rog_slovenian_1_0_1_1_manual_prosody,ROG.zip,ROG/ROG-Art/TeG/Rog-Art-J-Gvecg-P580041.TextGrid,1332078,ba60bff9,3cf9ffb6d971dc5a576dcd9bd0da11caec80e6295720110de42ea4e9d51d92ce,.textgrid,NO,
rog_slovenian_1_0_1_1_manual_prosody,ROG.zip,ROG/ROG-Art/TeG/Rog-Art-N-G6116-P611601.TextGrid,1185992,9f7193e3,3d7c3d43dc6612774be9dc9fb93c12ea3b1eade8ead778893c9dee24d06e9dee,.textgrid,NO,
rog_slovenian_1_0_1_1_manual_prosody,ROG.zip,ROG/ROG-Art/TeG/Rog-Art-N-G5019-P600012.TextGrid,312168,a08bf454,fc367ea6fb87f272cd23d3025dd64c882ffb5ff62b1bb7006a61fd0e02075d37,.textgrid,NO,
rog_slovenian_1_0_1_1_manual_prosody,ROG.zip,ROG/ROG-Art/TeG/Rog-Art-N-G5097-P600096.TextGrid,1225953,af3ab664,0b6f65a638492884a5f8ab33616006707307643b86f85ce125bd95d75e278015,.textgrid,NO,
rog_slovenian_1_0_1_1_manual_prosody,ROG.zip,ROG/ROG-Art/TeG/Rog-Art-J-Gvecg-P580047.TextGrid,1410784,a6bc8a77,a2fb8badc66d0bafbede2e18210678d812cb627fb9eb456ebc28adf5045e9b2a,.textgrid,NO,
rog_slovenian_1_0_1_1_manual_prosody,ROG.zip,ROG/ROG-Art/TeG/Rog-Art-N-G5020-P600012.TextGrid,910211,303efdb3,b7679a0b9bd00c67aa76370b139b471759412710304f7ec198807dad3a8b706d,.textgrid,NO,
rog_slovenian_1_0_1_1_manual_prosody,ROG.zip,ROG/ROG-Art/TeG/Rog-Art-N-G5013-P600007.TextGrid,805513,1e404a77,ca25c96f327b634b250ab12d811f1337939a27985b3b8d5fedc7d0ff7aaf43ce,.textgrid,NO,
rog_slovenian_1_0_1_1_manual_prosody,ROG.zip,ROG/ROG-Art/TeG/Rog-Art-P-G7065-P701064.TextGrid,1359481,7efd6b71,4e8bee1647aa40ab1ec99a7f9aa9e529841b144677802fb3cff68ef20511636f,.textgrid,NO,
rog_slovenian_1_0_1_1_manual_prosody,ROG.zip,ROG/ROG-Art/TeG/Rog-Art-J-Gvecg-P500014.TextGrid,1446281,53ee2df1,fa87358b73b2d9d0bf7ca7592613ea8dec98d839057115ffc8ee2ec6dde0907a,.textgrid,NO,
rog_slovenian_1_0_1_1_manual_prosody,ROG.zip,ROG/ROG-Art/TeG/Rog-Art-N-G5054-P600052.TextGrid,785483,707eed5f,0482a25587884ac3751fc49e05e26001624b16087dc5137819536184ada1c357,.textgrid,NO,
rog_slovenian_1_0_1_1_manual_prosody,ROG.zip,ROG/ROG-Art/TeG/Rog-Art-J-Gvecg-P500042.TextGrid,1288853,30a2be41,6332dfd389160714e8e40b13a079832071830b39f5ad72b5624ef5102f3d5caf,.textgrid,NO,
rog_slovenian_1_0_1_1_manual_prosody,ROG.zip,ROG/ROG-Art/TeG/Rog-Art-J-Gvecg-P500021.TextGrid,1419469,b606fba0,a1dae23331c16ebe25614314b3d530dc502c143798bf59c99b5129ad71384c15,.textgrid,NO,
rog_slovenian_1_0_1_1_manual_prosody,ROG.zip,ROG/ROG-Art/TeG/Rog-Art-N-G5044-P600044.TextGrid,594111,9aa64f62,d3a184d5c16cec3d76a6289c79d2a59b9d85a0f9cdbfe8773e0d7d9d389a89eb,.textgrid,NO,
rog_slovenian_1_0_1_1_manual_prosody,ROG.zip,ROG/ROG-Art/TeG/Rog-Art-P-G7036-P701111.TextGrid,1214662,536ad011,ae554a1583d91a2336670708b05e1436076f83d9ffb46156125d1d45c6e15459,.textgrid,NO,
rog_slovenian_1_0_1_1_manual_prosody,ROG.zip,ROG/ROG-Art/TeG/Rog-Art-N-G6001-P600102.TextGrid,1183246,ae836eda,783bd633cca7fd7ef591eeca08599854a2985415bc6040b45852b8d26002a357,.textgrid,NO,
rog_slovenian_1_0_1_1_manual_prosody,ROG.zip,ROG/ROG-Art/TeG/Rog-Art-J-Gvecg-P500064.TextGrid,1535471,97e5eb5c,bc3a1a39aeb23a9857dd93d1725670ef2b9f872e1e2e8cf2e0be5aea871a3441,.textgrid,NO,
rog_slovenian_1_0_1_1_manual_prosody,ROG.zip,ROG/ROG-Art/TeG/Rog-Art-N-G5053-P600052.TextGrid,869221,78150d60,0d5d93e432289d1cf023bbff2ab2f5039b52db9bb9cf9a51f99c8dcbdddec1b1,.textgrid,NO,
rog_slovenian_1_0_1_1_manual_prosody,ROG.zip,ROG/ROG-Art/TeG/Rog-Art-P-G7002-P700444.TextGrid,1353706,1a0e2ea4,ca96dc73c73e57c6fba63cd2e8841019f4fda60f9b1ed57b23e8c75e426ce199,.textgrid,NO,
rog_slovenian_1_0_1_1_manual_prosody,ROG.zip,ROG/ROG-Art/TeG/Rog-Art-J-Gvecg-P500037.TextGrid,1391579,0df317d9,e186422894454b80aca449685d51dc0935f28dd378165d1353bdca5b9d1d59f5,.textgrid,NO,
rog_slovenian_1_0_1_1_manual_prosody,ROG.zip,ROG/ROG-Art/TeG/Rog-Art-N-G5083-P600080.TextGrid,1029595,52641684,27036c56f54c29ad10c071d7d4620dfdc23b3f12f1e888a7eea0f2493fcdbf59,.textgrid,NO,
rog_slovenian_1_0_1_1_manual_prosody,ROG.zip,ROG/ROG-Art/TeG/Rog-Art-J-Gvecg-P500063.TextGrid,1493659,d3799437,c70cf6464eeba9190f3fa7de05e9bd084dc0597bc09d54776d1db0c149f57c24,.textgrid,NO,
rog_slovenian_1_0_1_1_manual_prosody,ROG.zip,ROG/ROG-Art/TeG/Rog-Art-J-Gvecg-P580023.TextGrid,1555469,148b2048,40effc4e79619c892c697a729038c3540872c6a3aec496a2774fafb5a772d27e,.textgrid,NO,
rog_slovenian_1_0_1_1_manual_prosody,ROG.zip,ROG/ROG-Art/TeG/Rog-Art-P-G7165-P700926.TextGrid,1201699,736471db,bd580d9b836871a5d678fcad710975db8b504f1303f5208b9701671d708cb6f1,.textgrid,NO,
rog_slovenian_1_0_1_1_manual_prosody,ROG.zip,ROG/ROG-Art/TeG/Rog-Art-N-G6083-P608301.TextGrid,1093686,7f62c573,dbfc5a44efe9435d51e41e5d6077e62a3fe4517cf60cdb46d4af4c0a03dc6fc4,.textgrid,NO,
rog_slovenian_1_0_1_1_manual_prosody,ROG.zip,ROG/ROG-Art/TeG/Rog-Art-J-Gvecg-P500026.TextGrid,1513537,b8255286,e13486396ec87bff0adadc58c9067bd995e020ee444f06ebb31b415d8b301d43,.textgrid,NO,
rog_slovenian_1_0_1_1_manual_prosody,ROG.zip,ROG/ROG-Art/TeG/Rog-Art-N-G6031-P603102.TextGrid,1274847,797d13ad,296c0400bfdfed0198012d2663293adc7bed7db72c1a14deb0c38d87dfc17bd7,.textgrid,NO,
rog_slovenian_1_0_1_1_manual_prosody,ROG.zip,ROG/ROG-Art/TeG/Rog-Art-N-G6100-P610002.TextGrid,1224955,68b30b9f,d1b5743330e35e0bc5f8fe546e0b2fc0059cc846fbf79ec27b5af1c73012e7a0,.textgrid,NO,
rog_slovenian_1_0_1_1_manual_prosody,ROG.zip,ROG/ROG-Art/TeG/Rog-Art-J-Gvecg-P500051.TextGrid,1463621,6d8c715d,229ca06c2734f32a5294b22bc2a6dc106665787cd7c8b1f8abb0048aa87e54d4,.textgrid,NO,
rog_slovenian_1_0_1_1_manual_prosody,ROG.zip,ROG/ROG-Art/TeG/Rog-Art-N-G5035-P600034.TextGrid,802824,0d0fa36b,6d2f0eed455d36880f5196e6976278326412584dc403de0e2d0dedee38214b6a,.textgrid,NO,
rog_slovenian_1_0_1_1_manual_prosody,ROG.zip,ROG/ROG-Art/TeG/Rog-Art-J-Gvecg-P500002.TextGrid,1398736,86eff280,b5b763dcb566bfdac99042a5cef62473a783322299270699841249d389155de9,.textgrid,NO,
rog_slovenian_1_0_1_1_manual_prosody,ROG.zip,ROG/ROG-Art/TeG/Rog-Art-J-Gvecg-P500048.TextGrid,1491087,b481ee0a,8e11bd26706315b3392366ee674b8014f716a0bc6f28533120fa8478e860d551,.textgrid,NO,
rog_slovenian_1_0_1_1_manual_prosody,ROG.zip,ROG/ROG-Art/TeG/Rog-Art-N-G5026-P600021.TextGrid,390938,b09742bc,6677b3adf5c48315810a96fed4a3e323f54749da244d0834bcf466602f0cc240,.textgrid,NO,
rog_slovenian_1_0_1_1_manual_prosody,ROG.zip,ROG/ROG-Art/TeG/Rog-Art-N-G6012-P601201.TextGrid,1150773,c0005293,76abab6b2d3b3c3b18bbce074808bd7fa499c33924d7bad55a31da90c09d4d46,.textgrid,NO,
rog_slovenian_1_0_1_1_manual_prosody,ROG.zip,ROG/ROG-Art/TeG/Rog-Art-J-Gvecg-P580009.TextGrid,1337361,d04820a4,e2a37dcf31eed8da6423a9452fcb005fcb927889284f09dbfafdee8f39bb4de3,.textgrid,NO,
rog_slovenian_1_0_1_1_manual_prosody,ROG.zip,ROG/ROG-Art/TeG/Rog-Art-J-Gvecg-P580002.TextGrid,1436561,b4cd40f8,5070f9465566834738cef79e025a0aeb08de97ba5186cd8261fe40a3873d56d5,.textgrid,NO,
rog_slovenian_1_0_1_1_manual_prosody,ROG.zip,ROG/ROG-Art/TeG/Rog-Art-N-G5036-P600034.TextGrid,493599,bbfeadea,d5dab06743bdcdc6ba38b6a81193f04f053e0f38626e3ba54a03d3ac4089dfca,.textgrid,NO,
rog_slovenian_1_0_1_1_manual_prosody,ROG.zip,ROG/ROG-Art/TeG/Rog-Art-J-Gvecg-P500028.TextGrid,1443750,8d2a639d,618ff6e115689a6fd0c36f55a7506949b7bfb8552ae3c98920a0c1311c7421b0,.textgrid,NO,
rog_slovenian_1_0_1_1_manual_prosody,ROG.zip,ROG/ROG-Art/TeG/Rog-Art-N-G6043-P604301.TextGrid,1092265,0dc14f17,639e27a65059109a3fa23c945f79fe843ef7b3db7dd33fbbaa10d638b97f5128,.textgrid,NO,
rog_slovenian_1_0_1_1_manual_prosody,ROG.zip,ROG/ROG-Art/TeG/Rog-Art-N-G6047-P604702.TextGrid,1139932,42f4a7fc,1ea90a12bedfe1421c5b00930dc76c4b1b4ddcd83096f3c1ab4c8fb603df431a,.textgrid,NO,
rog_slovenian_1_0_1_1_manual_prosody,ROG.zip,ROG/ROG-Art/TeG/Rog-Art-N-G5025-P600022.TextGrid,909223,5dd7c217,49ecd42b003e0a2655d395c66aff332abc5f8e790b61d2e7f85ab705149e2a9b,.textgrid,NO,
rog_slovenian_1_0_1_1_manual_prosody,ROG.zip,ROG/ROG-Art/TeG/Rog-Art-P-G7001-P700192.TextGrid,1273696,16b0decb,ed53efcc3ee1207ae17831e94a4d9c499676f5c4eadb2d8ef54a40ddd93147be,.textgrid,NO,
rog_slovenian_1_0_1_1_manual_prosody,ROG.zip,ROG/ROG-Art/TeG/Rog-Art-J-Gvecg-P500054.TextGrid,1488438,4f332b57,16545162bd0d50d605f6fab7f920b44682e28490ecd5597b9c06af8d00470a85,.textgrid,NO,
rog_slovenian_1_0_1_1_manual_prosody,ROG.zip,ROG/ROG-Art/TeG/Rog-Art-N-G6103-P610302.TextGrid,1214717,9c3c20a7,60f53cb5ae8624353cc8da4aec7b4595cfb1f74155042e39dcce2ba51ddf707a,.textgrid,NO,
rog_slovenian_1_0_1_1_manual_prosody,ROG.zip,ROG/ROG-Art/TeG/Rog-Art-J-Gvecg-P580051.TextGrid,1584680,2941fd3b,e35d31bfc6ab7146a3edce3b9af8198558a370aec41c920f93a0e54e816cbe40,.textgrid,NO,
rog_slovenian_1_0_1_1_manual_prosody,ROG.zip,ROG/ROG-Art/TeG/Rog-Art-J-Gvecg-P500016.TextGrid,1545778,d5f1a06f,5b2ce3d049f451d327a4daf4376697c0a6e8f10f679b116db271dc08f48eb9ce,.textgrid,NO,
rog_slovenian_1_0_1_1_manual_prosody,ROG.zip,ROG/ROG-Art/TeG/Rog-Art-N-G6007-P600702.TextGrid,956501,6e7320b8,2fb808de22a3fc8db3bb92c7b210877616703611f75791dcbc6707db842708f6,.textgrid,NO,
rog_slovenian_1_0_1_1_manual_prosody,ROG.zip,ROG/ROG-Art/TeG/Rog-Art-N-G5082-P600080.TextGrid,154760,e36d8f02,cc6a2a548afb47d0f8631bf33da7bd72ceb048c803dcc41b040116bec5d56b23,.textgrid,NO,
rog_slovenian_1_0_1_1_manual_prosody,ROG.zip,ROG/ROG-Art/TeG/Rog-Art-N-G5025-P600021.TextGrid,605670,cc5a3951,5d293c8d9542a446b388511f9be7daff5c0effb7d13a6434ee4fcb959602995f,.textgrid,NO,
rog_slovenian_1_0_1_1_manual_prosody,ROG.zip,ROG/ROG-Art/TeG/Rog-Art-N-G6060-P606001.TextGrid,1204797,49492df9,bccf15d1604eb4b434332e2c103bca5b8602ac7d60cf26937b69ef867c37fe81,.textgrid,NO,
rog_slovenian_1_0_1_1_manual_prosody,ROG.zip,ROG/ROG-Art/TeG/Rog-Art-N-G5043-P600044.TextGrid,445897,2cc26ac0,4200dee6941fb5e7e96a8ee9e31e090a680159e2de35a60f13d78b1c871cae8c,.textgrid,NO,
rog_slovenian_1_0_1_1_manual_prosody,ROG.zip,ROG/ROG-Art/TeG/Rog-Art-J-Gvecg-P500001.TextGrid,1559296,a984bbbf,777b409eb51fde7fe06fe1fa694c045efdf518f121045db55624f95ed389e54e,.textgrid,NO,
rog_slovenian_1_0_1_1_manual_prosody,ROG.zip,ROG/ROG-Art/TeG/Rog-Art-J-Gvecg-P500046.TextGrid,1355138,9cb2eeba,a2b562bf9c79cbbf2257fe7e88dbe8c379a4de3c9c6185b54b88927bf40db876,.textgrid,NO,
rog_slovenian_1_0_1_1_manual_prosody,ROG.zip,ROG/ROG-Art/TeG/Rog-Art-N-G6112-P611202.TextGrid,1154237,c0abea1b,d0a918ae063cca6291ecbcd7b688b9d57d1fa0b1ecac30938f9880eff7d48bb8,.textgrid,NO,
rog_slovenian_1_0_1_1_manual_prosody,ROG.zip,ROG/ROG-Art/TeG/Rog-Art-P-G7155-P700259.TextGrid,1216882,c81296f3,c75057b87fa4b1a6a375337731cbac3491755080e345c9b3946fc3d199478653,.textgrid,NO,
rog_slovenian_1_0_1_1_manual_prosody,ROG.zip,ROG/ROG-Art/ROG-Art-TrainDevTest-split.tsv,1704,a258c4a8,da02a1f1eb6ea5b883ba5e550d12af55aa59f63fe652e8ca71ef7ecfc851fda5,.tsv,NO,
rog_slovenian_1_0_1_1_manual_prosody,ROG.zip,ROG/ROG-Art/EXS/Rog-Art-N-G5019-P600012_s.exs,357439,7deeea77,41481c247b49e495098727d4f901993542646161dbc68cc4b8c67741557237ff,.exs,NO,
rog_slovenian_1_0_1_1_manual_prosody,ROG.zip,ROG/ROG-Art/EXS/Rog-Art-N-G6083-P608301_s.exs,1269912,a462d276,e54c4ea8c928c624468dd613710f144ed79805cce5d085a20e16e8b71abc3276,.exs,NO,
rog_slovenian_1_0_1_1_manual_prosody,ROG.zip,ROG/ROG-Art/EXS/Rog-Art-P-G7001-P700192_s.exs,1240401,a5bd3361,d847ce3b1fa0bfb42583f90efdcbfac158024553261b321e22fb26fc358c6794,.exs,NO,
rog_slovenian_1_0_1_1_manual_prosody,ROG.zip,ROG/ROG-Art/EXS/Rog-Art-J-Gvecg-P500051_s.exs,1504354,e6d7d611,f44ed3648a05ee9bae06d053ebea5478a64899226778eb4e02ace2da7125feae,.exs,NO,
rog_slovenian_1_0_1_1_manual_prosody,ROG.zip,ROG/ROG-Art/EXS/Rog-Art-N-G5083-P600080_s.exs,1143087,84e52614,e6a5e6e91657a320945f36d3769bb3c1bb69d84a2015eff9440cfca4239c0281,.exs,NO,
rog_slovenian_1_0_1_1_manual_prosody,ROG.zip,ROG/ROG-Art/EXS/Rog-Art-J-Gvecg-P500063_s.exs,1678885,5a38091c,0eb8d12e0958fd14d84c6f2ea64540db5f5adca46be5ef8154b2a751bb514c43,.exs,NO,
rog_slovenian_1_0_1_1_manual_prosody,ROG.zip,ROG/ROG-Art/EXS/Rog-Art-N-G5014-P600007_s.exs,774459,e127abd9,5dc1365a7ba4f2eeb1f52da4fe83e0b9a8f036696efba94b65e22ac224e19a24,.exs,NO,
rog_slovenian_1_0_1_1_manual_prosody,ROG.zip,ROG/ROG-Art/EXS/Rog-Art-N-G5026-P600021_s.exs,470047,bfa2dcde,5acceb785557bda8e2d16ae506bf48fd3a0049a37758f2d52eef0690d366df45,.exs,NO,
rog_slovenian_1_0_1_1_manual_prosody,ROG.zip,ROG/ROG-Art/EXS/Rog-Art-J-Gvecg-P500016_s.exs,1502558,89c7205c,4711dcc1167ff2d39b754cf3b0b2554dcefad91e01ccb5a4db532fe3b3fa1c8a,.exs,NO,
rog_slovenian_1_0_1_1_manual_prosody,ROG.zip,ROG/ROG-Art/EXS/Rog-Art-J-Gvecg-P500021_s.exs,1481379,0d9109c2,9200b947919cc2cb584f2205cfe424ca2f5bfda703645740188a4f4a7c1c36ea,.exs,NO,
rog_slovenian_1_0_1_1_manual_prosody,ROG.zip,ROG/ROG-Art/EXS/Rog-Art-N-G5025-P600021_s.exs,680729,fe2a63cc,526e29068ca31b2e5b581201c864d5f84696418eab751236c6ebe6a6cb266ac4,.exs,NO,
rog_slovenian_1_0_1_1_manual_prosody,ROG.zip,ROG/ROG-Art/EXS/Rog-Art-N-G5082-P600080_s.exs,190679,669bf138,a641a5392f417892e1d2c7dc802f861424e93c2ad174876f06522b670f753cd1,.exs,NO,
rog_slovenian_1_0_1_1_manual_prosody,ROG.zip,ROG/ROG-Art/EXS/Rog-Art-J-Gvecg-P500048_s.exs,1536168,29ecba5b,8175f5598c121306477eb6c5e5848888563165b59bc6bd64a945e9c85948ae13,.exs,NO,
rog_slovenian_1_0_1_1_manual_prosody,ROG.zip,ROG/ROG-Art/EXS/Rog-Art-P-G7036-P701111_s.exs,1239200,33fad5d7,8ba8456a2375497039ea63119703d576c68b2e3d58ec770932bd151d11ce8453,.exs,NO,
rog_slovenian_1_0_1_1_manual_prosody,ROG.zip,ROG/ROG-Art/EXS/Rog-Art-N-G6100-P610002_s.exs,1375661,0df8d20f,c96d1312653c263ee36de7a9d12012f0734d26c9e81a7fa75e0e93bc1ce4e0c3,.exs,NO,
rog_slovenian_1_0_1_1_manual_prosody,ROG.zip,ROG/ROG-Art/EXS/Rog-Art-N-G6012-P601201_s.exs,1333287,b35a3271,ccd5a4219d2b501bf96eee68db343043d734fdf4cc3ff573191b5fc3c2633491,.exs,NO,
rog_slovenian_1_0_1_1_manual_prosody,ROG.zip,ROG/ROG-Art/EXS/Rog-Art-J-Gvecg-P580041_s.exs,1433287,c168ea6a,2da6773bc76636018a98f4b38464b1a14bc5d3e929c85bd1053da49950e4e45a,.exs,NO,
rog_slovenian_1_0_1_1_manual_prosody,ROG.zip,ROG/ROG-Art/EXS/Rog-Art-J-Gvecg-P500037_s.exs,1432849,2c53f193,7ae226104985e5703aaaaa5a30adb5ac297c777038139834f23c6060d82a4e6d,.exs,NO,
rog_slovenian_1_0_1_1_manual_prosody,ROG.zip,ROG/ROG-Art/EXS/Rog-Art-J-Gvecg-P580002_s.exs,1460744,b67fa184,77106627a4171592c12cd9e3b5eaed4c1825ccd5c2eee42987e4541fa77cd553,.exs,NO,
rog_slovenian_1_0_1_1_manual_prosody,ROG.zip,ROG/ROG-Art/EXS/Rog-Art-N-G5043-P600044_s.exs,529411,071bd5ac,47d0619839a3a0934f4b14f93f6818c5ffbe16503f36c338365a4cffcff06aae,.exs,NO,
rog_slovenian_1_0_1_1_manual_prosody,ROG.zip,ROG/ROG-Art/EXS/Rog-Art-J-Gvecg-P500014_s.exs,1391252,29295213,789c97f3b361922a36811abd12f91301ac0f289c919ddd0932af2a0e2e8dbb43,.exs,NO,
rog_slovenian_1_0_1_1_manual_prosody,ROG.zip,ROG/ROG-Art/EXS/Rog-Art-N-G5020-P600012_s.exs,1065510,7739ed24,24ddbf5a0474d21e0ff9fd61e29e856ab0c237569bfb59025358dc979e7d75b0,.exs,NO,
rog_slovenian_1_0_1_1_manual_prosody,ROG.zip,ROG/ROG-Art/EXS/Rog-Art-J-Gvecg-P500046_s.exs,1533491,d3ada448,a22f3686e34e060f8e9bc0046231ff5f127ff3aae78693713fc17883b5b08cb4,.exs,NO,
rog_slovenian_1_0_1_1_manual_prosody,ROG.zip,ROG/ROG-Art/EXS/Rog-Art-N-G5036-P600034_s.exs,599553,5174f44a,52ebffd863d96bb2965d791b8d77b39b637618896332169d65caac979a6bb5c8,.exs,NO,
rog_slovenian_1_0_1_1_manual_prosody,ROG.zip,ROG/ROG-Art/EXS/Rog-Art-J-Gvecg-P500026_s.exs,1606470,32f3f345,a908d2339a07b42cd9be05b5811c19f3e291ce0fbf15ad1c64e76de0d7807c7f,.exs,NO,
rog_slovenian_1_0_1_1_manual_prosody,ROG.zip,ROG/ROG-Art/EXS/Rog-Art-J-Gvecg-P500001_s.exs,1475520,b142fcf4,98cdb8f333fb8a2bcc66efbd17cecd5e536523514bac13d9ca10018738ddefef,.exs,NO,
rog_slovenian_1_0_1_1_manual_prosody,ROG.zip,ROG/ROG-Art/EXS/Rog-Art-N-G5044-P600044_s.exs,667265,88df4a36,5d9c26b54b4af1afcdd659dc9fe6187795d2ec537315e2fdbcf788e947f12a86,.exs,NO,
rog_slovenian_1_0_1_1_manual_prosody,ROG.zip,ROG/ROG-Art/EXS/Rog-Art-J-Gvecg-P580047_s.exs,1433338,bdd58853,9b03a3a947de81d4d2cc0f5e240185147ebe72f08d662eed3e278653bd58993b,.exs,NO,
rog_slovenian_1_0_1_1_manual_prosody,ROG.zip,ROG/ROG-Art/EXS/Rog-Art-N-G6007-P600702_s.exs,1122935,ff0d73f8,9df3dd88bcabe187ce62c9e7f3283acec3b71ad43e895e76938d55627c510e2b,.exs,NO,
rog_slovenian_1_0_1_1_manual_prosody,ROG.zip,ROG/ROG-Art/EXS/Rog-Art-N-G5054-P600052_s.exs,982414,c173b5ec,3792bc2d3ff8aa0773b375bce4ac829ab488f1d9bc5c43d1ebeca72528ad95ce,.exs,NO,
rog_slovenian_1_0_1_1_manual_prosody,ROG.zip,ROG/ROG-Art/EXS/Rog-Art-N-G6001-P600102_s.exs,1254747,d66ecd4e,f8a7218b50defda5c1bed1b9b297437a8972f2d753362e28003b8a0f9e10fb91,.exs,NO,
rog_slovenian_1_0_1_1_manual_prosody,ROG.zip,ROG/ROG-Art/EXS/Rog-Art-P-G7155-P700259_s.exs,1212522,e86259b6,a1cb361113384112dc121455485b7d01ff9f3b7340f512209b8728ba1021ab74,.exs,NO,
rog_slovenian_1_0_1_1_manual_prosody,ROG.zip,ROG/ROG-Art/EXS/Rog-Art-N-G6047-P604702_s.exs,1238007,bbd19217,814edcba6b4029970c77643e1351030a1eee6adf3d4ae7fa3069b57a3ead1792,.exs,NO,
rog_slovenian_1_0_1_1_manual_prosody,ROG.zip,ROG/ROG-Art/EXS/Rog-Art-J-Gvecg-P580051_s.exs,1532139,dbb624b4,cd92788fe17c98e28461c5ae04c85dec096eace5ddb7734736e82fb06418aa90,.exs,NO,
rog_slovenian_1_0_1_1_manual_prosody,ROG.zip,ROG/ROG-Art/EXS/Rog-Art-N-G6060-P606001_s.exs,1325553,09f5be40,94a6b66eb6b12e82112bf9d72bbc252fc887b37ade8600a74a9be83a79961354,.exs,NO,
rog_slovenian_1_0_1_1_manual_prosody,ROG.zip,ROG/ROG-Art/EXS/Rog-Art-J-Gvecg-P580003_s.exs,1514545,1867263f,3aad26e734cbfb98ac5b121ace16664f3d2e8f3f32ff7de1fcbbbf80af81f9af,.exs,NO,
rog_slovenian_1_0_1_1_manual_prosody,ROG.zip,ROG/ROG-Art/EXS/Rog-Art-J-Gvecg-P500034_s.exs,1445577,4aeb34b0,43c95eeaca515e1b7ae0737bd0b49159e060dbc26fc03cac13cdda5b53c80447,.exs,NO,
rog_slovenian_1_0_1_1_manual_prosody,ROG.zip,ROG/ROG-Art/EXS/Rog-Art-N-G5053-P600052_s.exs,1065794,85ec0aef,406dd925acd271af8c5f711a345dd9f5257cb4200ca42b95705a6e7606a0be3c,.exs,NO,
rog_slovenian_1_0_1_1_manual_prosody,ROG.zip,ROG/ROG-Art/EXS/Rog-Art-J-Gvecg-P500002_s.exs,1192479,55beecf5,4be74d6f56630ee0b227d90e9917aa491330ae3a3f6d9809f837cb97878cb254,.exs,NO,
rog_slovenian_1_0_1_1_manual_prosody,ROG.zip,ROG/ROG-Art/EXS/Rog-Art-J-Gvecg-P580023_s.exs,1664411,6611ce0d,dd5942a473ea14f6cc5ff01af39e0efaa563745f0d94168b976bcff4fe2c9429,.exs,NO,
rog_slovenian_1_0_1_1_manual_prosody,ROG.zip,ROG/ROG-Art/EXS/Rog-Art-N-G6116-P611601_s.exs,1369402,e423755d,8d85f68b21889cb8f20487aec6b99c925d0a822850fb69644cbc98aad608ac6d,.exs,NO,
rog_slovenian_1_0_1_1_manual_prosody,ROG.zip,ROG/ROG-Art/EXS/Rog-Art-N-G5097-P600096_s.exs,1404598,23fff16d,e32250bac1647a4854f82fbe7825be53986231eae41a8220546f1baa9759df7b,.exs,NO,
rog_slovenian_1_0_1_1_manual_prosody,ROG.zip,ROG/ROG-Art/EXS/Rog-Art-P-G7002-P700444_s.exs,1193255,1a42a0e6,cfded86103a18f24741244980829de3b8896b027c9a6cc4cc50b9a93a6d932ed,.exs,NO,
rog_slovenian_1_0_1_1_manual_prosody,ROG.zip,ROG/ROG-Art/EXS/Rog-Art-J-Gvecg-P580009_s.exs,1516174,041f094e,b431ce45a551a6e33525ff27de7b94bae0acad2eecdd361f89605b4806141a73,.exs,NO,
rog_slovenian_1_0_1_1_manual_prosody,ROG.zip,ROG/ROG-Art/EXS/Rog-Art-N-G6043-P604301_s.exs,1343651,b0ca4fdb,a12751c17d26b594c75488a41d91d029d9abfc788dae3c7855eaa9a51a9f67c7,.exs,NO,
rog_slovenian_1_0_1_1_manual_prosody,ROG.zip,ROG/ROG-Art/EXS/Rog-Art-P-G7165-P700926_s.exs,1303245,084b1de1,deb72c85b6addd8a7c2588d4bee7eeafaa22efd6168a7403c319c3b725904545,.exs,NO,
rog_slovenian_1_0_1_1_manual_prosody,ROG.zip,ROG/ROG-Art/EXS/Rog-Art-N-G6112-P611202_s.exs,1261206,0430c4bb,aaae2f7e230c4e34d96ae4cf1411aae82eb27e927d41111f96cb6439334d352d,.exs,NO,
rog_slovenian_1_0_1_1_manual_prosody,ROG.zip,ROG/ROG-Art/EXS/Rog-Art-J-Gvecg-P500064_s.exs,1761782,0cc5d73e,569b75b69481f6f211dd175bfbf2ce21206115c2a3abfbaf5819854bd16b1695,.exs,NO,
rog_slovenian_1_0_1_1_manual_prosody,ROG.zip,ROG/ROG-Art/EXS/Rog-Art-P-G7065-P701064_s.exs,1248316,b53442be,4d31414718bd99204e978b87d0625206cf40395caf71dcd69b996e50e9710915,.exs,NO,
rog_slovenian_1_0_1_1_manual_prosody,ROG.zip,ROG/ROG-Art/EXS/Rog-Art-N-G5035-P600034_s.exs,944295,4a86055b,9c37076eb343beff71ef357c3ee3b783897c1634a396222749c58991f189f675,.exs,NO,
rog_slovenian_1_0_1_1_manual_prosody,ROG.zip,ROG/ROG-Art/EXS/Rog-Art-J-Gvecg-P500028_s.exs,1609056,4e8bcf02,448c3e8a2945de71cec2e6a49bfbc0601fcf81cceba60db2f86f99545e020eca,.exs,NO,
rog_slovenian_1_0_1_1_manual_prosody,ROG.zip,ROG/ROG-Art/EXS/Rog-Art-N-G5013-P600007_s.exs,940109,6211bcf0,837559d2aeb0127cedf96230be36c486213f065f0804b5a579dc5f7f410c3960,.exs,NO,
rog_slovenian_1_0_1_1_manual_prosody,ROG.zip,ROG/ROG-Art/EXS/Rog-Art-J-Gvecg-P500042_s.exs,1574606,e06d9f12,6622683383c60fff1c28b0d59f84764fd322949ce00a12c40d3d33853ca9cc7a,.exs,NO,
rog_slovenian_1_0_1_1_manual_prosody,ROG.zip,ROG/ROG-Art/EXS/Rog-Art-N-G6031-P603102_s.exs,1346716,d01e2fef,2fb9a49f5c299eb293b6fc859b47ff75f660f9eec84824e0feb54058e1573a9f,.exs,NO,
rog_slovenian_1_0_1_1_manual_prosody,ROG.zip,ROG/ROG-Art/EXS/Rog-Art-N-G5025-P600022_s.exs,979493,a5a666ee,a98d3970d5e8f846c257990729cbbb06fb9d7325d6e708fe2b75b2e29c994436,.exs,NO,
rog_slovenian_1_0_1_1_manual_prosody,ROG.zip,ROG/ROG-Art/EXS/Rog-Art-N-G6103-P610302_s.exs,1351455,bf8b10b0,9fdccca114cb427ed09dab117e3bb249ee68dc08a674f20398b6aad66a3848df,.exs,NO,
rog_slovenian_1_0_1_1_manual_prosody,ROG.zip,ROG/ROG-Art/EXS/Rog-Art-J-Gvecg-P500054_s.exs,1521504,64a5aaa8,c6104c07384e1c0a74985986196ad55ec60cb7629ec980ad448a19908b374fff,.exs,NO,
rog_slovenian_1_0_1_1_manual_prosody,ROG.zip,ROG/ROG-Art/TXT/Rog-Art-J-Gvecg-P500026-pog.txt,5323,e09469fb,1cfdfa4bd0a46df0d466d70d34d65ed7e611e8fc347167a0a03a8a5b24a99237,.txt,NO,
rog_slovenian_1_0_1_1_manual_prosody,ROG.zip,ROG/ROG-Art/TXT/Rog-Art-N-G6103-P610302-pog.txt,4340,c1ba8561,c0a44b2a34696e194bdff0cc3aab1279706f6e83676b2a6a1c2e07bae8c229b5,.txt,NO,
rog_slovenian_1_0_1_1_manual_prosody,ROG.zip,ROG/ROG-Art/TXT/Rog-Art-P-G7001-P700192-std.txt,4479,ba857c97,1334d56b21302b522a970d96a148259fb462ed1dc172fc1a9cf818298c071c7d,.txt,NO,
rog_slovenian_1_0_1_1_manual_prosody,ROG.zip,ROG/ROG-Art/TXT/Rog-Art-N-G5082-P600080-pog.txt,649,3cc8c568,e9ee0d2e3467749b741c17e2a1af202ed77a6ec6f317e8411b082441b54afe5c,.txt,NO,
rog_slovenian_1_0_1_1_manual_prosody,ROG.zip,ROG/ROG-Art/TXT/Rog-Art-N-G6116-P611601-pog.txt,4253,e05f3cec,b56eb9feb0570a5d27b46a6bb8d9790a191ac930fe2310cf702915fed8dc749e,.txt,NO,
rog_slovenian_1_0_1_1_manual_prosody,ROG.zip,ROG/ROG-Art/TXT/Rog-Art-N-G6112-P611202-pog.txt,4140,a614c5f9,fbaaf605c2f35a7199b956e638f8f1f9ce59be546c2aaf66f342abb12564eadd,.txt,NO,
rog_slovenian_1_0_1_1_manual_prosody,ROG.zip,ROG/ROG-Art/TXT/Rog-Art-N-G6007-P600702-std.txt,3458,40f92807,0c72cd3d55b65b6226c9c0e7a30171459fbbac2ef6d9eff2e5016a5de5c9d633,.txt,NO,
rog_slovenian_1_0_1_1_manual_prosody,ROG.zip,ROG/ROG-Art/TXT/Rog-Art-P-G7155-P700259-std.txt,4292,d6f71bc6,bb8049338360b268f4245eda2fe9afe91008757736f16dca6e4ae803b67f6252,.txt,NO,
rog_slovenian_1_0_1_1_manual_prosody,ROG.zip,ROG/ROG-Art/TXT/Rog-Art-J-Gvecg-P500034-pog.txt,5007,9eab25c8,3f14da379e375a5f37e98718c53c2e2c3adbb196c7126cd07bed889edfc50bb1,.txt,NO,
rog_slovenian_1_0_1_1_manual_prosody,ROG.zip,ROG/ROG-Art/TXT/Rog-Art-N-G6116-P611601-std.txt,4350,67e026e4,3bc8387e2ed5461cb728215e6fc5a5c0542cec589b6a7f47a87b5491162b27ed,.txt,NO,
rog_slovenian_1_0_1_1_manual_prosody,ROG.zip,ROG/ROG-Art/TXT/Rog-Art-J-Gvecg-P580009-std.txt,5197,2f110913,33b76142be8911af28aeaafd3412c7d19d2313d882a4ca9ee4c2c8eb439bd38c,.txt,NO,
rog_slovenian_1_0_1_1_manual_prosody,ROG.zip,ROG/ROG-Art/TXT/Rog-Art-N-G6103-P610302-std.txt,4353,4b1e487d,13051e5425e8ba2cb4f0974ce32c5c5df9a725ae53f05b52a91c79a9219b55b8,.txt,NO,
rog_slovenian_1_0_1_1_manual_prosody,ROG.zip,ROG/ROG-Art/TXT/Rog-Art-N-G5026-P600021-std.txt,1714,11d8e997,6e17307fa6b6262406d1b7aba0a91a1c044e6a10a74a205cd1f78c9abbae8af9,.txt,NO,
rog_slovenian_1_0_1_1_manual_prosody,ROG.zip,ROG/ROG-Art/TXT/Rog-Art-P-G7002-P700444-pog.txt,4745,8d7f7c39,c624716b5714fb281151ed68cb6acca0e536c569512b76fb371cc3cf1fde393e,.txt,NO,
rog_slovenian_1_0_1_1_manual_prosody,ROG.zip,ROG/ROG-Art/TXT/Rog-Art-J-Gvecg-P500021-pog.txt,5093,14d328b8,2430d81b1cc99d1e9cc486a72f90c94d974259d85bcc853a4b8f02a41006aa96,.txt,NO,
rog_slovenian_1_0_1_1_manual_prosody,ROG.zip,ROG/ROG-Art/TXT/Rog-Art-N-G5083-P600080-std.txt,3788,b3e2d3d4,0e0e6e065f2e55ee4da03342c7955fb11afb0f6165c153343acc6cae6c16ccaf,.txt,NO,
rog_slovenian_1_0_1_1_manual_prosody,ROG.zip,ROG/ROG-Art/TXT/Rog-Art-P-G7065-P701064-std.txt,5123,6516a24a,f4ce471f97b2cad26d545f3d3a93899a9e2ba89ab18e46075ff3fb4ae5ca4740,.txt,NO,
rog_slovenian_1_0_1_1_manual_prosody,ROG.zip,ROG/ROG-Art/TXT/Rog-Art-N-G6001-P600102-std.txt,4221,53b39bbd,ef6d5286ca089dfbc0ce357beedd5d9f8a5c8e61ca13e809e0fee9f40d12bf3f,.txt,NO,
rog_slovenian_1_0_1_1_manual_prosody,ROG.zip,ROG/ROG-Art/TXT/Rog-Art-N-G6007-P600702-pog.txt,3431,9da0c222,3ba57079869b95b87ce0f386522c664af66edd5dea21a08e4f3babb948250c1d,.txt,NO,
rog_slovenian_1_0_1_1_manual_prosody,ROG.zip,ROG/ROG-Art/TXT/Rog-Art-N-G6047-P604702-std.txt,4530,208fd5c7,b0e12925aa7ca6c0981903b1881f17910ce26834b50783513b8bb039b25e21e2,.txt,NO,
rog_slovenian_1_0_1_1_manual_prosody,ROG.zip,ROG/ROG-Art/TXT/Rog-Art-J-Gvecg-P500034-std.txt,5016,4ebd21de,702baa5bd503775565cec119f9c89661628ed1f4e2e19eae02d20036b9dc9d23,.txt,NO,
rog_slovenian_1_0_1_1_manual_prosody,ROG.zip,ROG/ROG-Art/TXT/Rog-Art-N-G5036-P600034-std.txt,2017,e8304670,da2b40c050715b38da378edbdb83a37f658ba692332bddf2f47d3a8902d1ba6b,.txt,NO,
rog_slovenian_1_0_1_1_manual_prosody,ROG.zip,ROG/ROG-Art/TXT/Rog-Art-J-Gvecg-P580047-std.txt,5133,d08ed33c,a4c35ac949450ba06ae56209dd0974699bf5cdef913d2ab998a3fac87f8c799d,.txt,NO,
rog_slovenian_1_0_1_1_manual_prosody,ROG.zip,ROG/ROG-Art/TXT/Rog-Art-N-G5020-P600012-std.txt,3650,6ebcf795,609aec0845130186672da84a01e74a6577380e5c56ea9d4124df44e81f075909,.txt,NO,
rog_slovenian_1_0_1_1_manual_prosody,ROG.zip,ROG/ROG-Art/TXT/Rog-Art-J-Gvecg-P580002-pog.txt,5507,c6dce5b7,0fd17fc85deca6792c8af7009bee9900fcbbf319bd5c114d5bf782cc0ce8bb74,.txt,NO,
rog_slovenian_1_0_1_1_manual_prosody,ROG.zip,ROG/ROG-Art/TXT/Rog-Art-N-G6083-P608301-std.txt,3986,787784b4,66eb234743ba76314a138d0f7edd7ef872ac7a94d03c82b6ec03f5dc1490fa17,.txt,NO,
rog_slovenian_1_0_1_1_manual_prosody,ROG.zip,ROG/ROG-Art/TXT/Rog-Art-N-G6100-P610002-std.txt,4660,4f77c010,2bf90682d03643bd943d0e7509b28d91e0c9e93a6c2ba8939bb6a9dac0d56a81,.txt,NO,
rog_slovenian_1_0_1_1_manual_prosody,ROG.zip,ROG/ROG-Art/TXT/Rog-Art-J-Gvecg-P500063-pog.txt,5386,086a8863,f98d206f145c29f24aaeab4d10aac8aca98676f94a65316d70688b936b4e2d25,.txt,NO,
rog_slovenian_1_0_1_1_manual_prosody,ROG.zip,ROG/ROG-Art/TXT/Rog-Art-N-G5097-P600096-std.txt,4400,214a0436,617993a679451faabe0251cc07bda5c40438d8e8e193f921a5d5d99c39f25b50,.txt,NO,
rog_slovenian_1_0_1_1_manual_prosody,ROG.zip,ROG/ROG-Art/TXT/Rog-Art-P-G7036-P701111-std.txt,4533,b041e418,2bd891d5a30285d869b9840173689bcfe49fe3a6310268f7d9d5dbde40e34730,.txt,NO,
rog_slovenian_1_0_1_1_manual_prosody,ROG.zip,ROG/ROG-Art/TXT/Rog-Art-J-Gvecg-P500026-std.txt,5357,67a13427,3cd42b2c4a7de1ebcbc19ee1ee3fed1d5d3c928126e950caf6707e67dddb9f85,.txt,NO,
rog_slovenian_1_0_1_1_manual_prosody,ROG.zip,ROG/ROG-Art/TXT/Rog-Art-J-Gvecg-P500001-std.txt,5168,86dcc35e,d05070a73e1ead86b7cb0be7558bffc4a2491ac12bd52a881feee87e92113a81,.txt,NO,
rog_slovenian_1_0_1_1_manual_prosody,ROG.zip,ROG/ROG-Art/TXT/Rog-Art-N-G5025-P600022-pog.txt,3039,faf4e6ca,eaf6ff623762f8249e31cef30b45f8459f1abe261c6ab2057c602367a9fc886d,.txt,NO,
rog_slovenian_1_0_1_1_manual_prosody,ROG.zip,ROG/ROG-Art/TXT/Rog-Art-J-Gvecg-P580023-pog.txt,6085,ee325a11,0d5de744cebec40252badba98889693c88b89739a675f7ff57d0c229d9135daa,.txt,NO,
rog_slovenian_1_0_1_1_manual_prosody,ROG.zip,ROG/ROG-Art/TXT/Rog-Art-N-G6043-P604301-pog.txt,3891,31ea1343,acf92aae8304177b11ee111a7521e654e632cc1fa0e9eb597b24acc3f9707e02,.txt,NO,
rog_slovenian_1_0_1_1_manual_prosody,ROG.zip,ROG/ROG-Art/TXT/Rog-Art-J-Gvecg-P500051-pog.txt,5196,2cfbb2b4,2888588291613185158cbfa11a37030de217f42fc2c69845c39a0f196dd4abd8,.txt,NO,
rog_slovenian_1_0_1_1_manual_prosody,ROG.zip,ROG/ROG-Art/TXT/Rog-Art-J-Gvecg-P500054-pog.txt,5360,7e8a08b6,c5ec5273455cb276bb9219acb9771a3f6c8f5f6accf627137fd0f0f144f8cef4,.txt,NO,
rog_slovenian_1_0_1_1_manual_prosody,ROG.zip,ROG/ROG-Art/TXT/Rog-Art-J-Gvecg-P500002-std.txt,5271,5f1fa30f,01e610f8ce6a4a7b504a8deb0782f5476d51882ec5899076e3f5fea3b60d8982,.txt,NO,
rog_slovenian_1_0_1_1_manual_prosody,ROG.zip,ROG/ROG-Art/TXT/Rog-Art-J-Gvecg-P580009-pog.txt,5144,bb5de56d,78f55fe96e35309f8c004a5ca9734a9d7a7b97c749ef5f4ec53c00131025f43a,.txt,NO,
rog_slovenian_1_0_1_1_manual_prosody,ROG.zip,ROG/ROG-Art/TXT/Rog-Art-N-G5014-P600007-std.txt,2682,75e64393,438e3333d747baa7cbe11723bd786b5e5398b477c5d824e8d2b2c7bb1d681055,.txt,NO,
rog_slovenian_1_0_1_1_manual_prosody,ROG.zip,ROG/ROG-Art/TXT/Rog-Art-P-G7165-P700926-pog.txt,4252,eeca562f,ead33072e00f63fb364d2955cb24375ba94582828aa8d0aa487b15dfa892e89e,.txt,NO,
rog_slovenian_1_0_1_1_manual_prosody,ROG.zip,ROG/ROG-Art/TXT/Rog-Art-N-G6001-P600102-pog.txt,4219,ec4c5634,50431af5dfe7ebd73f42c076d1123beeaa184db760d491d63f268b5afdf50660,.txt,NO,
rog_slovenian_1_0_1_1_manual_prosody,ROG.zip,ROG/ROG-Art/TXT/Rog-Art-N-G5054-P600052-pog.txt,3221,c8a4bf9e,5abf8d80abfb2da8ea81434cf9a5c3965adeeac1e8004554a19323b78353cc49,.txt,NO,
rog_slovenian_1_0_1_1_manual_prosody,ROG.zip,ROG/ROG-Art/TXT/Rog-Art-N-G5025-P600021-std.txt,2457,f1215fa0,e9ed62cbcccf2130f5538e5d3a7e591bd2e5a5fce16ea8533e4c2ad20893a655,.txt,NO,
rog_slovenian_1_0_1_1_manual_prosody,ROG.zip,ROG/ROG-Art/TXT/Rog-Art-N-G5053-P600052-pog.txt,3704,db69fd44,545c6e255b0604a12e7924caa70fe999134c019aa9aca26007c2f467f3efba6d,.txt,NO,
rog_slovenian_1_0_1_1_manual_prosody,ROG.zip,ROG/ROG-Art/TXT/Rog-Art-N-G5043-P600044-std.txt,1878,de690fa9,113768faa9e3aa44f4872783d172d80cdca4985d71bbd9096a57c60b06bdc2ae,.txt,NO,
rog_slovenian_1_0_1_1_manual_prosody,ROG.zip,ROG/ROG-Art/TXT/Rog-Art-N-G5025-P600022-std.txt,3038,055c2ca2,05e48fa463df356e5836bf9b641a9beeb754bc508cca7682cb7d9f1cd971f05e,.txt,NO,
rog_slovenian_1_0_1_1_manual_prosody,ROG.zip,ROG/ROG-Art/TXT/Rog-Art-J-Gvecg-P500064-pog.txt,5374,d219f4b5,cf6a278d442ae91137ba4d41d516c6ff6e785e8023fa960ccbd4fd31053b3141,.txt,NO,
rog_slovenian_1_0_1_1_manual_prosody,ROG.zip,ROG/ROG-Art/TXT/Rog-Art-J-Gvecg-P500064-std.txt,5391,e529f01d,f8865706dbc84e162495c57b4a84479d4f27fba143a740d2e97219218d4a5455,.txt,NO,
rog_slovenian_1_0_1_1_manual_prosody,ROG.zip,ROG/ROG-Art/TXT/Rog-Art-N-G5044-P600044-pog.txt,2369,2199de87,06206e438e45d758ce37dc684d90fe6f0aebab5b069cb9cb93022839deb4001c,.txt,NO,
rog_slovenian_1_0_1_1_manual_prosody,ROG.zip,ROG/ROG-Art/TXT/Rog-Art-J-Gvecg-P580041-pog.txt,5245,72fe42d7,c4fb233fa69d0a957bb25c75123256a2bf55d3df16c3f48d9aede19859c4bc43,.txt,NO,
rog_slovenian_1_0_1_1_manual_prosody,ROG.zip,ROG/ROG-Art/TXT/Rog-Art-N-G6083-P608301-pog.txt,3900,d47ed287,7f1253570f119589f99bf744ef271cbb6691d9a74c582a147a990e3b4a53e341,.txt,NO,
rog_slovenian_1_0_1_1_manual_prosody,ROG.zip,ROG/ROG-Art/TXT/Rog-Art-N-G5035-P600034-pog.txt,2988,6905cf36,f20f627352cac994365fae81c0be0626deb4d6ef4c709afb5e6256f2ec76bbb8,.txt,NO,
rog_slovenian_1_0_1_1_manual_prosody,ROG.zip,ROG/ROG-Art/TXT/Rog-Art-N-G5013-P600007-std.txt,3193,4948dcde,852dc66bdae6ebce54cae5b47f053ec574e3a4c8476c28b464ebcee3a7338146,.txt,NO,
rog_slovenian_1_0_1_1_manual_prosody,ROG.zip,ROG/ROG-Art/TXT/Rog-Art-N-G5020-P600012-pog.txt,3604,7792d0af,79a91243e1d14713a35f1aa1902f9c142de161c470f85e7d04c55ad0f27ec2f0,.txt,NO,
rog_slovenian_1_0_1_1_manual_prosody,ROG.zip,ROG/ROG-Art/TXT/Rog-Art-J-Gvecg-P580002-std.txt,5539,9a5d33ed,450846a5691309ce76ead7a4e3ef5d0dae33ab141aae756ebb108a27629ec608,.txt,NO,
rog_slovenian_1_0_1_1_manual_prosody,ROG.zip,ROG/ROG-Art/TXT/Rog-Art-J-Gvecg-P500016-pog.txt,5626,64ada5be,712f4f38a3e8a6e78da9340e555b754cd9bc70e049f58952349e1eda697f71b3,.txt,NO,
rog_slovenian_1_0_1_1_manual_prosody,ROG.zip,ROG/ROG-Art/TXT/Rog-Art-P-G7155-P700259-pog.txt,4228,028aaf08,d284c3c93084b2ae1dff14339e82b5052c69714df7a5599124d4886731d28b7a,.txt,NO,
rog_slovenian_1_0_1_1_manual_prosody,ROG.zip,ROG/ROG-Art/TXT/Rog-Art-N-G5035-P600034-std.txt,3020,64d9b9f2,5695da70ac46a0ae1362dd5a7e731a39ca4da0eaa37c8fb90ce33bee2a78b85d,.txt,NO,
rog_slovenian_1_0_1_1_manual_prosody,ROG.zip,ROG/ROG-Art/TXT/Rog-Art-N-G5043-P600044-pog.txt,1847,297d8432,8210fa85f94bb7ef5133f7b467fb6dd91f4d67bbd230fea8390fb9a80e53cea1,.txt,NO,
rog_slovenian_1_0_1_1_manual_prosody,ROG.zip,ROG/ROG-Art/TXT/Rog-Art-N-G5014-P600007-pog.txt,2579,3d7accd3,922bcc53f048902cd3d66be309509382ec642540985377f140a851e164b2618d,.txt,NO,
rog_slovenian_1_0_1_1_manual_prosody,ROG.zip,ROG/ROG-Art/TXT/Rog-Art-N-G6060-P606001-std.txt,4525,2291ef7b,d29175803f66b278641ec0c086a8b3dbac583bdde0abe3b492577886b983f1b8,.txt,NO,
rog_slovenian_1_0_1_1_manual_prosody,ROG.zip,ROG/ROG-Art/TXT/Rog-Art-J-Gvecg-P580041-std.txt,5325,eea15f09,2a368e0c37fbfaa0db5a4588808fd9d282871c283d92909caf427396af214582,.txt,NO,
rog_slovenian_1_0_1_1_manual_prosody,ROG.zip,ROG/ROG-Art/TXT/Rog-Art-N-G5044-P600044-std.txt,2413,cab6c4a4,4c6e9de97c8c453b36cec12da3779c1e1177aadca66de72e38674b60ebe1c731,.txt,NO,
rog_slovenian_1_0_1_1_manual_prosody,ROG.zip,ROG/ROG-Art/TXT/Rog-Art-N-G6047-P604702-pog.txt,4526,4acd3991,5e8dbcb73641f2c96151ac708d518f691d82328838505cb0374ca4b0203d32ce,.txt,NO,
rog_slovenian_1_0_1_1_manual_prosody,ROG.zip,ROG/ROG-Art/TXT/Rog-Art-N-G6043-P604301-std.txt,4021,f720e9c8,07d4818324dfafa644e020c90b33afb8e6a9bda1a7aacbe6bc41406f8a26d5c6,.txt,NO,
rog_slovenian_1_0_1_1_manual_prosody,ROG.zip,ROG/ROG-Art/TXT/Rog-Art-J-Gvecg-P500037-pog.txt,5033,a3c2f0a7,84655f16abac53129434c7a8ed93f1cda404323c2fa217c493db8676d4ea67af,.txt,NO,
rog_slovenian_1_0_1_1_manual_prosody,ROG.zip,ROG/ROG-Art/TXT/Rog-Art-J-Gvecg-P500014-std.txt,4910,782fa48f,bd35055ad26949bdff4b41e8465836a75c813db55df8d0403aecae48e39e8bb9,.txt,NO,
rog_slovenian_1_0_1_1_manual_prosody,ROG.zip,ROG/ROG-Art/TXT/Rog-Art-J-Gvecg-P500048-std.txt,5336,dc854cd7,49453e7c0c921789b321e409c0dac7fa049aeb5fe7a7422427ae8e850e5e548e,.txt,NO,
rog_slovenian_1_0_1_1_manual_prosody,ROG.zip,ROG/ROG-Art/TXT/Rog-Art-J-Gvecg-P500042-std.txt,4709,b2a339a7,4ed7498a4642d09b1871db61cec6b8dad9c40713a71233e18e94259295ee071a,.txt,NO,
rog_slovenian_1_0_1_1_manual_prosody,ROG.zip,ROG/ROG-Art/TXT/Rog-Art-J-Gvecg-P580051-pog.txt,5739,ec0d19c0,00ddb97a2a5d9e2355d71784b8361ee7ed5d18a3d5b574ed94438a97da38c030,.txt,NO,
rog_slovenian_1_0_1_1_manual_prosody,ROG.zip,ROG/ROG-Art/TXT/Rog-Art-J-Gvecg-P500051-std.txt,5206,daabd704,711494ea5909c65a4bafe0c0223082c71c8b89304626dbd7c356403ecd1ef0d9,.txt,NO,
rog_slovenian_1_0_1_1_manual_prosody,ROG.zip,ROG/ROG-Art/TXT/Rog-Art-J-Gvecg-P500037-std.txt,5052,f55bb526,4cd986fb40e9b7b755be352cbc6ed1b274138f67db8506252f6405cc452908f1,.txt,NO,
rog_slovenian_1_0_1_1_manual_prosody,ROG.zip,ROG/ROG-Art/TXT/Rog-Art-J-Gvecg-P500042-pog.txt,4659,1af95029,cbd4c20979dd4bb4443e20785870ca4d6306aa4fbe5790ee19203d3e48253b71,.txt,NO,
rog_slovenian_1_0_1_1_manual_prosody,ROG.zip,ROG/ROG-Art/TXT/Rog-Art-J-Gvecg-P500028-std.txt,5009,c8752beb,ad6c29f45a0ca506b1e79dd25b753a2797e53fe8e07c9b46681de5dea28c1a40,.txt,NO,
rog_slovenian_1_0_1_1_manual_prosody,ROG.zip,ROG/ROG-Art/TXT/Rog-Art-N-G5082-P600080-std.txt,654,96ac9d61,13613dfcd3dcf74d6b4650c3509e67576153ef04718fb0ba9e450269fc8d4de8,.txt,NO,
rog_slovenian_1_0_1_1_manual_prosody,ROG.zip,ROG/ROG-Art/TXT/Rog-Art-P-G7036-P701111-pog.txt,4474,286eaed8,ea04ad8d6df37875c9fb62738434236e17896d3f7398b399053ab8b751891ce5,.txt,NO,
rog_slovenian_1_0_1_1_manual_prosody,ROG.zip,ROG/ROG-Art/TXT/Rog-Art-J-Gvecg-P500048-pog.txt,5328,282dfd8b,d911b388c253736413b8349ca72582b2339359cf0c182a8ea2d49a24069bee44,.txt,NO,
rog_slovenian_1_0_1_1_manual_prosody,ROG.zip,ROG/ROG-Art/TXT/Rog-Art-J-Gvecg-P500021-std.txt,5135,32e488be,fce4366b411aea7d7678528a60b3a02f7ecfd7e2b7915534cc7a15a4259a8e50,.txt,NO,
rog_slovenian_1_0_1_1_manual_prosody,ROG.zip,ROG/ROG-Art/TXT/Rog-Art-J-Gvecg-P580003-std.txt,5338,6d9ad062,ee0a26c47990e390c2a8199fff62cfa304e050fb5457a07062318439c69e4b93,.txt,NO,
rog_slovenian_1_0_1_1_manual_prosody,ROG.zip,ROG/ROG-Art/TXT/Rog-Art-P-G7001-P700192-pog.txt,4446,1f9e8c17,ead2a5fa8d014bbe5fbac2c02ac2198c6b6e5f873db29365958b5ff5ffc48893,.txt,NO,
rog_slovenian_1_0_1_1_manual_prosody,ROG.zip,ROG/ROG-Art/TXT/Rog-Art-P-G7002-P700444-std.txt,4766,fc89ac3d,4a5a2fc79aca4c21c4a7a9383786fc03504e44aa75c65ff5b1470eed50494969,.txt,NO,
rog_slovenian_1_0_1_1_manual_prosody,ROG.zip,ROG/ROG-Art/TXT/Rog-Art-N-G5053-P600052-std.txt,3799,ff4b54f3,78ead3ceac0ee7f57e214a060fded6815d84b4ab5c879d5474068d5393c8f794,.txt,NO,
rog_slovenian_1_0_1_1_manual_prosody,ROG.zip,ROG/ROG-Art/TXT/Rog-Art-J-Gvecg-P500054-std.txt,5362,2e0ae5d5,c99e252a12cd6cf530351a4a4af23050270ef53e8a0ff62f4c531299a027863f,.txt,NO,
rog_slovenian_1_0_1_1_manual_prosody,ROG.zip,ROG/ROG-Art/TXT/Rog-Art-J-Gvecg-P500046-std.txt,5163,4e27833a,2d7a1c0cc04487fc50da5ec68160d47c1699f4db44c4f2c8718f0d3782f3964d,.txt,NO,
rog_slovenian_1_0_1_1_manual_prosody,ROG.zip,ROG/ROG-Art/TXT/Rog-Art-J-Gvecg-P500014-pog.txt,4838,c9ee6fa4,a19e9735652aac7c9520c78c8391cb6f7f7f51f2e15a565223d08dbf27cc18b3,.txt,NO,
rog_slovenian_1_0_1_1_manual_prosody,ROG.zip,ROG/ROG-Art/TXT/Rog-Art-J-Gvecg-P500063-std.txt,5448,ae41efe5,675f501c8c08803a898e12fc268228abb785432c5a0a8e6f2dab18f52d655f80,.txt,NO,
rog_slovenian_1_0_1_1_manual_prosody,ROG.zip,ROG/ROG-Art/TXT/Rog-Art-J-Gvecg-P580051-std.txt,5739,fe107852,05ba9df2a4de786496f014203c62128ee43aa4d22926a0c6813ab4490552a462,.txt,NO,
rog_slovenian_1_0_1_1_manual_prosody,ROG.zip,ROG/ROG-Art/TXT/Rog-Art-P-G7065-P701064-pog.txt,5161,f37cbcf3,791636a6c17585c0da8f7b267e904c096a66c71187270f083ee97ae9f9f5db77,.txt,NO,
rog_slovenian_1_0_1_1_manual_prosody,ROG.zip,ROG/ROG-Art/TXT/Rog-Art-J-Gvecg-P500028-pog.txt,4959,f207cfb7,2bfcb0d870b632cab6d16abcc329dccaa38c873664be05f6a589ba8ba0ff41e9,.txt,NO,
rog_slovenian_1_0_1_1_manual_prosody,ROG.zip,ROG/ROG-Art/TXT/Rog-Art-N-G6031-P603102-pog.txt,4551,fad1895a,0a2ef1f8bf4c5b3e7faac4b2922a23bb7aa7f82ab02df81a26cceffeb52ac1c9,.txt,NO,
rog_slovenian_1_0_1_1_manual_prosody,ROG.zip,ROG/ROG-Art/TXT/Rog-Art-N-G5019-P600012-pog.txt,1335,d2a4da24,cdb5aeb7680f9813614bbc294905bdca3446944ca063aff4c4111bef64fc53d3,.txt,NO,
rog_slovenian_1_0_1_1_manual_prosody,ROG.zip,ROG/ROG-Art/TXT/Rog-Art-N-G5036-P600034-pog.txt,1976,42cb9684,5d4507c14e2dbbebea54faa0971ad1258740f0f76f7091fd64d6fa7248a03fc1,.txt,NO,
rog_slovenian_1_0_1_1_manual_prosody,ROG.zip,ROG/ROG-Art/TXT/Rog-Art-N-G6012-P601201-std.txt,4186,8f6c1372,36dda7aad2b3d2d06d9fceed6c78718cadbf6c735e65d4cc60472156d41efa55,.txt,NO,
rog_slovenian_1_0_1_1_manual_prosody,ROG.zip,ROG/ROG-Art/TXT/Rog-Art-N-G5025-P600021-pog.txt,2443,7ed2a4bb,0e89b9f7dbe53e36467d802783137068737b90d921370b2996dc5ef09dcf8a71,.txt,NO,
rog_slovenian_1_0_1_1_manual_prosody,ROG.zip,ROG/ROG-Art/TXT/Rog-Art-N-G5083-P600080-pog.txt,3751,8220718a,fcb4b5be4c71841d9a2112d535d679cc9311932f6db4feb4c110e248af0a716e,.txt,NO,
rog_slovenian_1_0_1_1_manual_prosody,ROG.zip,ROG/ROG-Art/TXT/Rog-Art-N-G6012-P601201-pog.txt,4117,a07ac686,50db14c67cfd612875346a12f855914f9eb303585296825ce0c3bbb471178006,.txt,NO,
rog_slovenian_1_0_1_1_manual_prosody,ROG.zip,ROG/ROG-Art/TXT/Rog-Art-N-G6060-P606001-pog.txt,4493,7fef4e5b,64ba41a0d02259dd63241dd19105f4cfb81406b8dd754f0b1e6313e7bb7d0a58,.txt,NO,
rog_slovenian_1_0_1_1_manual_prosody,ROG.zip,ROG/ROG-Art/TXT/Rog-Art-J-Gvecg-P580023-std.txt,6141,0cb150a4,1941483dafc90e7c01c1313a398f25263fdfb1288bd3f9b7781ef5609cdf68ac,.txt,NO,
rog_slovenian_1_0_1_1_manual_prosody,ROG.zip,ROG/ROG-Art/TXT/Rog-Art-J-Gvecg-P500002-pog.txt,5277,7d300f8e,bae892b44b15a5bee7497792b1626a09fc0c934b9336ad1fafc906be0f63ef58,.txt,NO,
rog_slovenian_1_0_1_1_manual_prosody,ROG.zip,ROG/ROG-Art/TXT/Rog-Art-N-G6031-P603102-std.txt,4562,342d87c1,12b238fee832617e755369abe677e8147ea621c88746209e1f6ca2d483eadfdf,.txt,NO,
rog_slovenian_1_0_1_1_manual_prosody,ROG.zip,ROG/ROG-Art/TXT/Rog-Art-J-Gvecg-P580003-pog.txt,5252,a039a994,48961315382d36b37d7ae36dc4cd32c7a53b6534c23b67f29c91788776e75f0c,.txt,NO,
rog_slovenian_1_0_1_1_manual_prosody,ROG.zip,ROG/ROG-Art/TXT/Rog-Art-N-G5013-P600007-pog.txt,3103,69cd0395,18df4d67362a0e781cf6281730231c5ed3922b29d398b1e5dca90a85f1418b4a,.txt,NO,
rog_slovenian_1_0_1_1_manual_prosody,ROG.zip,ROG/ROG-Art/TXT/Rog-Art-N-G5097-P600096-pog.txt,4302,57961b6a,737a9f1179bdc0c0e1beff37b15ffca4be4cc5f1c113c8b41d23ed518e8ecb6c,.txt,NO,
rog_slovenian_1_0_1_1_manual_prosody,ROG.zip,ROG/ROG-Art/TXT/Rog-Art-N-G5026-P600021-pog.txt,1710,da9c0e48,c775bdeaf46ff0983115790a268b99c57bf4663dec95c95d2b62798fc5fbd800,.txt,NO,
rog_slovenian_1_0_1_1_manual_prosody,ROG.zip,ROG/ROG-Art/TXT/Rog-Art-J-Gvecg-P500016-std.txt,5635,18f5fccb,ddf7218f5d81f33f1e8096c08a04dc9a748a953d5a0711f61df18c9e5ec0b1f7,.txt,NO,
rog_slovenian_1_0_1_1_manual_prosody,ROG.zip,ROG/ROG-Art/TXT/Rog-Art-N-G5054-P600052-std.txt,3292,4e032645,134e2becf1b1d139250cb05f32757892a8d3e01f14d96dcffe60299371a0f2ee,.txt,NO,
rog_slovenian_1_0_1_1_manual_prosody,ROG.zip,ROG/ROG-Art/TXT/Rog-Art-J-Gvecg-P500046-pog.txt,5112,8fa2bd60,1aa7d7b2e19f22be2eb113fdc97fb27281bc1ebd71693d5faafcf04e567dbd96,.txt,NO,
rog_slovenian_1_0_1_1_manual_prosody,ROG.zip,ROG/ROG-Art/TXT/Rog-Art-N-G6100-P610002-pog.txt,4656,f2fc9fdb,ebd3c29a6cd1efa0a57bb16a312efd1e55787ea4e6b94ec168117afda1176bc4,.txt,NO,
rog_slovenian_1_0_1_1_manual_prosody,ROG.zip,ROG/ROG-Art/TXT/Rog-Art-N-G6112-P611202-std.txt,4197,aa7e41bd,801962ef6fb060ab9f257e2e0a34c9e170630df0e0c160411f46a57f487a7e76,.txt,NO,
rog_slovenian_1_0_1_1_manual_prosody,ROG.zip,ROG/ROG-Art/TXT/Rog-Art-J-Gvecg-P580047-pog.txt,5142,db50a4ea,20c24b937730265f135ea519b9e4b35f5838d1e86031e2a893962a171f187dcf,.txt,NO,
rog_slovenian_1_0_1_1_manual_prosody,ROG.zip,ROG/ROG-Art/TXT/Rog-Art-P-G7165-P700926-std.txt,4295,e6f6793f,409c6164ccfcb79af99879b31e69c680b4fe2eb617501c6461c6eb3db2000b9c,.txt,NO,
rog_slovenian_1_0_1_1_manual_prosody,ROG.zip,ROG/ROG-Art/TXT/Rog-Art-N-G5019-P600012-std.txt,1373,fc256fca,98513d624ef5642df1da6a869e8962db3042a0cb4485279b6d03048439bc2ee2,.txt,NO,
rog_slovenian_1_0_1_1_manual_prosody,ROG.zip,ROG/ROG-Art/TXT/Rog-Art-J-Gvecg-P500001-pog.txt,5186,1455b0ce,22030a639048a510bce8887af39da9fc3cbafdcd7089497266344d828bba95ef,.txt,NO,
rog_slovenian_1_0_1_1_manual_prosody,ROG.zip,ROG/ROG-Art/TEI/Rog-Art-J-Gvecg-P580047.xml,790281,6749468d,e974e99478b1db434a33dbf0eb5100b4679351f694e67e8ebeb3baa4d40be4ce,.xml,YES,parsed selected TEI speech/event elements source-faithfully
rog_slovenian_1_0_1_1_manual_prosody,ROG.zip,ROG/ROG-Art/TEI/Rog-Art-N-G5025-P600021.xml,371646,3d9be188,25a720ad25579e08dbd0418dd2abed2971b5b5734e9bf809721e38ddf6f2dfe9,.xml,YES,parsed selected TEI speech/event elements source-faithfully
rog_slovenian_1_0_1_1_manual_prosody,ROG.zip,ROG/ROG-Art/TEI/Rog-Art-N-G6007-P600702.xml,585012,74a42c00,0d18aedcf99427ac5c27b80baa227ac42b21d26b381e967e040c16184c7032f6,.xml,YES,parsed selected TEI speech/event elements source-faithfully
rog_slovenian_1_0_1_1_manual_prosody,ROG.zip,ROG/ROG-Art/TEI/Rog-Art-J-Gvecg-P500034.xml,770131,9fd8c76b,d36b7459dfbfb583792f77af8a6707ba2b594520b26a35d59b42bf12e3ccf134,.xml,YES,parsed selected TEI speech/event elements source-faithfully
rog_slovenian_1_0_1_1_manual_prosody,ROG.zip,ROG/ROG-Art/TEI/Rog-Art-J-Gvecg-P500051.xml,809645,68325fac,f0acae229ee95a4f08646515dae00cc9af7212e69d0e37c6fcc19e669426f789,.xml,YES,parsed selected TEI speech/event elements source-faithfully
rog_slovenian_1_0_1_1_manual_prosody,ROG.zip,ROG/ROG-Art/TEI/Rog-Art-N-G5082-P600080.xml,102465,22667010,f2a5e83e7d6e141876ff236b4fcb484fffb525b602c97f77d8fa139aa7668c58,.xml,YES,parsed selected TEI speech/event elements source-faithfully
rog_slovenian_1_0_1_1_manual_prosody,ROG.zip,ROG/ROG-Art/TEI/Rog-Art-J-Gvecg-P500002.xml,663282,edd9ea6a,3378cfb4205c59f9e74ad8401e1d10cbd749ecab56bbe35c33dc660ca533c329,.xml,YES,parsed selected TEI speech/event elements source-faithfully
rog_slovenian_1_0_1_1_manual_prosody,ROG.zip,ROG/ROG-Art/TEI/Rog-Art-P-G7065-P701064.xml,677480,3d38bb34,9a82c0f5ef949857c0a6ebeb9417fcc6d3a7d0f07682da45555323e47ab04155,.xml,YES,parsed selected TEI speech/event elements source-faithfully
rog_slovenian_1_0_1_1_manual_prosody,ROG.zip,ROG/ROG-Art/TEI/Rog-Art-N-G6103-P610302.xml,706049,3674c277,83300fdeaf14aa971b656776891ec9587094091099024d0223887036d675bc6b,.xml,YES,parsed selected TEI speech/event elements source-faithfully
rog_slovenian_1_0_1_1_manual_prosody,ROG.zip,ROG/ROG-Art/TEI/Rog-Art-N-G5054-P600052.xml,537473,2cb00d0a,866c4724ca41e0c8984f9783c05891d397fc0dc384765fe0e968bd0c8c31a969,.xml,YES,parsed selected TEI speech/event elements source-faithfully
rog_slovenian_1_0_1_1_manual_prosody,ROG.zip,ROG/ROG-Art/TEI/Rog-Art-P-G7036-P701111.xml,682052,a4fa2e3c,d2a6472eaae575f2ddd6d4cd8ff71af216a1d4a70eca23e82017b5edcc2c12e3,.xml,YES,parsed selected TEI speech/event elements source-faithfully
rog_slovenian_1_0_1_1_manual_prosody,ROG.zip,ROG/ROG-Art/TEI/Rog-Art-N-G6047-P604702.xml,680635,88fa3344,15dd150086df6066ddc115df18dee5ccfd787df55fe35c965c63e37e93d35d0f,.xml,YES,parsed selected TEI speech/event elements source-faithfully
rog_slovenian_1_0_1_1_manual_prosody,ROG.zip,ROG/ROG-Art/TEI/Rog-Art-J-Gvecg-P500037.xml,758639,ba477c82,ba332abaa4b27dd72980e586919035969f261ab33e185e913c0e099f1f652d76,.xml,YES,parsed selected TEI speech/event elements source-faithfully
rog_slovenian_1_0_1_1_manual_prosody,ROG.zip,ROG/ROG-Art/TEI/Rog-Art-N-G6116-P611601.xml,746857,0ce2b0dc,545ed6e974081d986f779adc17dbd9fee5543dfa0416852ff5d3bf41a8b5beea,.xml,YES,parsed selected TEI speech/event elements source-faithfully
rog_slovenian_1_0_1_1_manual_prosody,ROG.zip,ROG/ROG-Art/TEI/Rog-Art-J-Gvecg-P500064.xml,922286,0f97f822,b59774636aaf8864ed91365b70264b6f40ae1cc14c5f599b6ad6e2356ba6704f,.xml,YES,parsed selected TEI speech/event elements source-faithfully
rog_slovenian_1_0_1_1_manual_prosody,ROG.zip,ROG/ROG-Art/TEI/Rog-Art-N-G5035-P600034.xml,498463,ecbf248b,435d783d7a2534f49b991700d641b6447944e808b42c3e25c76a5a419c23d406,.xml,YES,parsed selected TEI speech/event elements source-faithfully
rog_slovenian_1_0_1_1_manual_prosody,ROG.zip,ROG/ROG-Art/TEI/Rog-Art-J-Gvecg-P580051.xml,826413,5f1f6bf4,23052072a2f4122b882080e850a92e8adc51bb2ff70ae4ae0d9656d122c1ed6d,.xml,YES,parsed selected TEI speech/event elements source-faithfully
rog_slovenian_1_0_1_1_manual_prosody,ROG.zip,ROG/ROG-Art/TEI/Rog-Art-N-G6001-P600102.xml,676639,ea158f5e,d4894b52945bda4347012030fe0b6d6e7ffb803ae56e2525c198b76e5c48a632,.xml,YES,parsed selected TEI speech/event elements source-faithfully
rog_slovenian_1_0_1_1_manual_prosody,ROG.zip,ROG/ROG-Art/TEI/Rog-Art-J-Gvecg-P500001.xml,795131,183691c6,005635db49de990082837de5d9019b7591723cf2085370d210fc95a4138089ae,.xml,YES,parsed selected TEI speech/event elements source-faithfully
rog_slovenian_1_0_1_1_manual_prosody,ROG.zip,ROG/ROG-Art/TEI/Rog-Art-J-Gvecg-P500021.xml,776420,6acd1927,28903bd3e8386bd50f481b4251185413f804601e4717cb3205242d0407f05ba1,.xml,YES,parsed selected TEI speech/event elements source-faithfully
rog_slovenian_1_0_1_1_manual_prosody,ROG.zip,ROG/ROG-Art/TEI/Rog-Art-J-Gvecg-P500014.xml,747155,8ed5d705,706857d9f0813c862d14db4cc1b1db20ad4f3f3aa7f12d53dd68047113d6d48e,.xml,YES,parsed selected TEI speech/event elements source-faithfully
rog_slovenian_1_0_1_1_manual_prosody,ROG.zip,ROG/ROG-Art/TEI/Rog-Art-N-G5053-P600052.xml,570759,25a5913f,36d8325fc60b4ed9e19b67895c3a2a87f4cb16d9d2276b106ac81ae3418cd9aa,.xml,YES,parsed selected TEI speech/event elements source-faithfully
rog_slovenian_1_0_1_1_manual_prosody,ROG.zip,ROG/ROG-Art/TEI/Rog-Art-N-G5043-P600044.xml,290803,b2f604b1,c9878917fc3a74473b03d3db023d3f3f1655230193fec6429a846d616abc8167,.xml,YES,parsed selected TEI speech/event elements source-faithfully
rog_slovenian_1_0_1_1_manual_prosody,ROG.zip,ROG/ROG-Art/TEI/Rog-Art-J-Gvecg-P500063.xml,889490,88565c9c,7ba8b321d8199f5fe307b3cac03afc018588e599ff843a165226d1c56020ec04,.xml,YES,parsed selected TEI speech/event elements source-faithfully
rog_slovenian_1_0_1_1_manual_prosody,ROG.zip,ROG/ROG-Art/TEI/Rog-Art-J-Gvecg-P580023.xml,928546,84e858b4,272992f1695bea0f8a47f38e262710f6295d3bfd0bc7ef3e51aff806e4da0ee5,.xml,YES,parsed selected TEI speech/event elements source-faithfully
rog_slovenian_1_0_1_1_manual_prosody,ROG.zip,ROG/ROG-Art/TEI/Rog-Art-J-Gvecg-P500054.xml,820178,a739e56a,6ae9f99851b13a4f1ff3db7211c9b7a12e197450a16078552ad976050bf80946,.xml,YES,parsed selected TEI speech/event elements source-faithfully
rog_slovenian_1_0_1_1_manual_prosody,ROG.zip,ROG/ROG-Art/TEI/Rog-Art-N-G6031-P603102.xml,735344,891ff40a,4c9f0755650858f4579cfef0dee1d0df7a60ef268cb74428d242a2e1273670d7,.xml,YES,parsed selected TEI speech/event elements source-faithfully
rog_slovenian_1_0_1_1_manual_prosody,ROG.zip,ROG/ROG-Art/TEI/Rog-Art-N-G5020-P600012.xml,571423,2409e34b,45f68d8b649c411fdc47f0d7f5b3eb2004fb571d1b7116ac9d636d506bfc99a9,.xml,YES,parsed selected TEI speech/event elements source-faithfully
rog_slovenian_1_0_1_1_manual_prosody,ROG.zip,ROG/ROG-Art/TEI/Rog-Art-J-Gvecg-P500028.xml,839646,c0c14c73,2705c936488713bb9c2add25a422a288e67fb1da465198e7b64bc5eda72a6ea5,.xml,YES,parsed selected TEI speech/event elements source-faithfully
rog_slovenian_1_0_1_1_manual_prosody,ROG.zip,ROG/ROG-Art/TEI/Rog-Art-J-Gvecg-P580002.xml,804995,62e10309,910b5fac2f2d3413bb6c9ded029f2c18f7ceb49db21fc09a9fa773804725cb4d,.xml,YES,parsed selected TEI speech/event elements source-faithfully
rog_slovenian_1_0_1_1_manual_prosody,ROG.zip,ROG/ROG-Art/TEI/Rog-Art-J-Gvecg-P500042.xml,816164,88d069ee,672045496f2e045bbf7fe5c1a73b829c52472cc230016c2684abf3857952d6b4,.xml,YES,parsed selected TEI speech/event elements source-faithfully
rog_slovenian_1_0_1_1_manual_prosody,ROG.zip,ROG/ROG-Art/TEI/Rog-Art-N-G5036-P600034.xml,324739,17972613,4f6877e342f3de54695c4f1de7bbcba6d4b10438606ad3328d134eefad4e7e70,.xml,YES,parsed selected TEI speech/event elements source-faithfully
rog_slovenian_1_0_1_1_manual_prosody,ROG.zip,ROG/ROG-Art/TEI/Rog-Art-N-G6060-P606001.xml,705531,45114d79,baf74ac583c5a7846654a5b7759e877218656c2d9d25fb84b9564e17cd6c7dad,.xml,YES,parsed selected TEI speech/event elements source-faithfully
rog_slovenian_1_0_1_1_manual_prosody,ROG.zip,ROG/ROG-Art/TEI/Rog-Art-N-G5019-P600012.xml,192781,3bf8ae03,149547f1f42206fd221d88756ec2343979ba18ffdd926964bf826af63a28f9f1,.xml,YES,parsed selected TEI speech/event elements source-faithfully
rog_slovenian_1_0_1_1_manual_prosody,ROG.zip,ROG/ROG-Art/TEI/Rog-Art-N-G5026-P600021.xml,250565,abcfa2cd,86f63f036a941ce73c16e16948068f0a7380a2ddb5167bd7582234f734b49d9c,.xml,YES,parsed selected TEI speech/event elements source-faithfully
rog_slovenian_1_0_1_1_manual_prosody,ROG.zip,ROG/ROG-Art/TEI/Rog-Art-N-G5025-P600022.xml,514368,13dffa32,2a7907146e7ea9e4ed2cf6a673f550b2df63de03ed87af6ed79b2903e618cbd8,.xml,YES,parsed selected TEI speech/event elements source-faithfully
rog_slovenian_1_0_1_1_manual_prosody,ROG.zip,ROG/ROG-Art/TEI/Rog-Art-N-G5013-P600007.xml,507846,55fa7a34,06223458ae5ea79f7098f8914a7f4ff780b5960cdc4c9dc25965bafa0302889d,.xml,YES,parsed selected TEI speech/event elements source-faithfully
rog_slovenian_1_0_1_1_manual_prosody,ROG.zip,ROG/ROG-Art/TEI/Rog-Art-P-G7002-P700444.xml,648325,1c19847c,c47efb65372f1144c327d603384b252951d653fe0840c8756708e3162207545d,.xml,YES,parsed selected TEI speech/event elements source-faithfully
rog_slovenian_1_0_1_1_manual_prosody,ROG.zip,ROG/ROG-Art/TEI/Rog-Art-P-G7165-P700926.xml,693489,9f403838,25abbdcdfdaecde93993bca226d582f3881bbc845fb92efcf4ea03b3797c0cd9,.xml,YES,parsed selected TEI speech/event elements source-faithfully
rog_slovenian_1_0_1_1_manual_prosody,ROG.zip,ROG/ROG-Art/TEI/Rog-Art-J-Gvecg-P500048.xml,837829,a950f837,958f01a63439ebd267680d4eceef6dd9d054142e9becf15978c7d7cc3a1f97c9,.xml,YES,parsed selected TEI speech/event elements source-faithfully
rog_slovenian_1_0_1_1_manual_prosody,ROG.zip,ROG/ROG-Art/TEI/Rog-Art-N-G6100-P610002.xml,735236,18edce8b,c4013a737fcbda38ff9d18947e57b95c7c1ab4513010f86a69cde89bdd546b6d,.xml,YES,parsed selected TEI speech/event elements source-faithfully
rog_slovenian_1_0_1_1_manual_prosody,ROG.zip,ROG/ROG-Art/TEI/Rog-Art-P-G7155-P700259.xml,636015,02333b0d,ea160f16669deab5118d414efecfc2bb5a6559c8c4ac4061f79a1ebbe3cd0e81,.xml,YES,parsed selected TEI speech/event elements source-faithfully
rog_slovenian_1_0_1_1_manual_prosody,ROG.zip,ROG/ROG-Art/TEI/Rog-Art-J-Gvecg-P580003.xml,845808,a7954794,2710c9c1614f1439649dc546c434362ba36a18b212a2b26ac0242bfc7c7262c1,.xml,YES,parsed selected TEI speech/event elements source-faithfully
rog_slovenian_1_0_1_1_manual_prosody,ROG.zip,ROG/ROG-Art/TEI/Rog-Art-N-G6043-P604301.xml,708882,c9839963,39f0c24f3c68ca83fd49298b9e1c5467d41000a6834fcc31c6b9c65e26f83404,.xml,YES,parsed selected TEI speech/event elements source-faithfully
rog_slovenian_1_0_1_1_manual_prosody,ROG.zip,ROG/ROG-Art/TEI/Rog-Art-N-G5097-P600096.xml,740300,c43a946c,af8cce71f07aab2d9ba5cefa16668dc63808f13e2d8975089a4ede139198f5d6,.xml,YES,parsed selected TEI speech/event elements source-faithfully
rog_slovenian_1_0_1_1_manual_prosody,ROG.zip,ROG/ROG-Art/TEI/Rog-Art-N-G6112-P611202.xml,674924,2c6a71ee,2c52d7172e088ea1c27ae33420b2b1db1093121b8833f025da3c051eabdbc674,.xml,YES,parsed selected TEI speech/event elements source-faithfully
rog_slovenian_1_0_1_1_manual_prosody,ROG.zip,ROG/ROG-Art/TEI/Rog-Art-N-G5044-P600044.xml,364736,5712e407,0363c6eaa16d33107ee68efc630aeff3770e6b1d169203752684af215a114586,.xml,YES,parsed selected TEI speech/event elements source-faithfully
rog_slovenian_1_0_1_1_manual_prosody,ROG.zip,ROG/ROG-Art/TEI/Rog-Art-N-G6012-P601201.xml,741827,c4c8b280,4dbecc3ffe3be60a262f0829d229df7c48e74e2674bbc72fd28dd60378386835,.xml,YES,parsed selected TEI speech/event elements source-faithfully
rog_slovenian_1_0_1_1_manual_prosody,ROG.zip,ROG/ROG-Art/TEI/Rog-Art-P-G7001-P700192.xml,658352,cf151a17,9c045e34a9f9241ab9a65a57e96ef09ea606b79fd6547307bffb7bb82f773b9b,.xml,YES,parsed selected TEI speech/event elements source-faithfully
rog_slovenian_1_0_1_1_manual_prosody,ROG.zip,ROG/ROG-Art/TEI/Rog-Art-J-Gvecg-P580041.xml,813415,13c92377,9544b500d3b0a99d717740364834317dd4ca00ba690cb0624fc8c48ebb67c09a,.xml,YES,parsed selected TEI speech/event elements source-faithfully
rog_slovenian_1_0_1_1_manual_prosody,ROG.zip,ROG/ROG-Art/TEI/Rog-Art-J-Gvecg-P500016.xml,805191,26286fb4,1e26c6a766fb6bd45d94184b126577d2d9806085a905e0f07fe175c7afa777d6,.xml,YES,parsed selected TEI speech/event elements source-faithfully
rog_slovenian_1_0_1_1_manual_prosody,ROG.zip,ROG/ROG-Art/TEI/Rog-Art-N-G6083-P608301.xml,661155,718187bb,2a9811b373407b71d0c112c0515b38b8cc0869bfafd9c35e538241f861d4dce9,.xml,YES,parsed selected TEI speech/event elements source-faithfully
rog_slovenian_1_0_1_1_manual_prosody,ROG.zip,ROG/ROG-Art/TEI/Rog-Art-J-Gvecg-P580009.xml,828202,05bf50b9,f29f57acb6f6902fcfa4cfd8d533daa19cf482ab8099ff375409fc46cd444f1a,.xml,YES,parsed selected TEI speech/event elements source-faithfully
rog_slovenian_1_0_1_1_manual_prosody,ROG.zip,ROG/ROG-Art/TEI/Rog-Art-N-G5014-P600007.xml,414396,4bbf6d22,6ef43c3fbee4e065fccd07f4d1a78ad112014712f3174937959287b62cbbc36d,.xml,YES,parsed selected TEI speech/event elements source-faithfully
rog_slovenian_1_0_1_1_manual_prosody,ROG.zip,ROG/ROG-Art/TEI/Rog-Art-N-G5083-P600080.xml,607832,4255d8e5,285ec33d907f57ccd0c8c5534b14ef35cf28299bd68620a6779b81ae33369c22,.xml,YES,parsed selected TEI speech/event elements source-faithfully
rog_slovenian_1_0_1_1_manual_prosody,ROG.zip,ROG/ROG-Art/TEI/Rog-Art-J-Gvecg-P500026.xml,845335,0d8e1e28,f5cd4e85a3641282d20f54fdb2d8892cb1479619c3d31d4b4ba6236f709fef0c,.xml,YES,parsed selected TEI speech/event elements source-faithfully
rog_slovenian_1_0_1_1_manual_prosody,ROG.zip,ROG/ROG-Art/TEI/Rog-Art-J-Gvecg-P500046.xml,810632,b531fbbf,49daa865ef5ca967143220b53e8642501ceb10d6c34b14589418c5852bab674b,.xml,YES,parsed selected TEI speech/event elements source-faithfully
rog_slovenian_1_0_1_1_manual_prosody,ROG.zip,ROG/ROG-Art/Rog-Art.coma,255209,b8b42908,87889ccb57fe1a0e9b9b0dcbcb5a0d39aaf502f6e557bce69e9da4a2ae9e3d6d,.coma,NO,
rog_slovenian_1_0_1_1_manual_prosody,ROG.zip,ROG/ROG-TrainDevTest-split.tsv,7640,6035a4e9,cc20dd9277515a9554523b3a639b73e0aa36be8a9df79f1c856c002b801fa132,.tsv,YES,parsed source-faithfully: 344 rows
rog_slovenian_1_0_1_1_manual_prosody,ROG.zip,ROG/ROG-SST/Rog-Go1-Gos082.conllu,2786,079b3f1a,7d27ad5deea36787ed4e485a08b1323eb87d8f6ade6c83388b67d71406c3d799,.conllu,YES,parsed all CONLL-U token rows source-faithfully
rog_slovenian_1_0_1_1_manual_prosody,ROG.zip,ROG/ROG-SST/Rog-Go1-Gos109.conllu,6911,b841d2c0,4a0cbf93ba079ccf76ede8291a228e70369c7ca56a07380a9d74ebd7448c9afe,.conllu,YES,parsed all CONLL-U token rows source-faithfully
rog_slovenian_1_0_1_1_manual_prosody,ROG.zip,ROG/ROG-SST/Rog-Go1-Gos060.conllu,14874,da447b61,873b3cc896d756a1f9656539cde3397509099b1579c856b8a5f582a428df45bb,.conllu,YES,parsed all CONLL-U token rows source-faithfully
rog_slovenian_1_0_1_1_manual_prosody,ROG.zip,ROG/ROG-SST/Rog-Go1-Gos023.conllu,5813,b4c43b6c,d1bd97da2b990afe95be53ee5a09da78f1320d214342dc59d25e6257f9c96dcf,.conllu,YES,parsed all CONLL-U token rows source-faithfully
rog_slovenian_1_0_1_1_manual_prosody,ROG.zip,ROG/ROG-SST/Rog-Go1-Gos114.conllu,8518,bc127389,d93016a8482c9d5d09c2ea821db28b08462a5b2a819c0538f9cf89a1a789bc1e,.conllu,YES,parsed all CONLL-U token rows source-faithfully
rog_slovenian_1_0_1_1_manual_prosody,ROG.zip,ROG/ROG-SST/Rog-Go1-Gos099.conllu,2197,d19036c7,fd94fdcb50837862290bfbe8ffad6c28f64fb6a35b4fa810f72fb2c58e7f24ab,.conllu,YES,parsed all CONLL-U token rows source-faithfully
rog_slovenian_1_0_1_1_manual_prosody,ROG.zip,ROG/ROG-SST/Rog-Go2-Gos224.conllu,75726,f06baa51,081df8b870fc823bc514a72bb2b43ac1179271066808b953858934081c00425d,.conllu,YES,parsed all CONLL-U token rows source-faithfully
rog_slovenian_1_0_1_1_manual_prosody,ROG.zip,ROG/ROG-SST/Rog-Art-J-Gvecg-P500064.conllu,200731,24597b97,4f7321454389104459b92224a40a278d878d1b069ca8a80305ef83de346586ba,.conllu,YES,parsed all CONLL-U token rows source-faithfully
rog_slovenian_1_0_1_1_manual_prosody,ROG.zip,ROG/ROG-SST/Rog-Go2-Gos229.conllu,76625,5f13afef,f9a2e84977e80dafcbb3ee9c3ecd16a67d03e9021082eb2b844a7183a7956e5b,.conllu,YES,parsed all CONLL-U token rows source-faithfully
rog_slovenian_1_0_1_1_manual_prosody,ROG.zip,ROG/ROG-SST/Rog-Art-P-G7155-P700259.conllu,139148,b14b1007,ae77567a2aba32aca521c32a3f8e8b70354d10c518547403e79ba7f7ddb8f420,.conllu,YES,parsed all CONLL-U token rows source-faithfully
rog_slovenian_1_0_1_1_manual_prosody,ROG.zip,ROG/ROG-SST/Rog-Go1-Gos203.conllu,5364,6191b4bf,b9eb7946cb147de1319ed89a15c7fc33cde7a1261d2de181519d04713f04b00e,.conllu,YES,parsed all CONLL-U token rows source-faithfully
rog_slovenian_1_0_1_1_manual_prosody,ROG.zip,ROG/ROG-SST/Rog-Go1-Gos120.conllu,5984,ccf4794f,3cb6d441271c12eaf96757b56a407dc97f72a9f7b29a3509ea84de6066bc3cae,.conllu,YES,parsed all CONLL-U token rows source-faithfully
rog_slovenian_1_0_1_1_manual_prosody,ROG.zip,ROG/ROG-SST/Rog-Go1-Gos055.conllu,14409,ab519464,e8d4a4f50aee613ec6078954872b0f3a9a0d7d71586beb4d00a7dfc1115b95fc,.conllu,YES,parsed all CONLL-U token rows source-faithfully
rog_slovenian_1_0_1_1_manual_prosody,ROG.zip,ROG/ROG-SST/Rog-Go1-Gos279.conllu,5647,2133e625,bd2716003dc2c4df88fc3d688c35037bdcacc941aa77852bee8e9e66d0d404a7,.conllu,YES,parsed all CONLL-U token rows source-faithfully
rog_slovenian_1_0_1_1_manual_prosody,ROG.zip,ROG/ROG-SST/Rog-Art-N-G5020-P600012.conllu,129344,2ac29547,aaefb8bde13dddb1e05815b04debec9a69544c12112bc2c4a9e04402a9e1fc00,.conllu,YES,parsed all CONLL-U token rows source-faithfully
rog_slovenian_1_0_1_1_manual_prosody,ROG.zip,ROG/ROG-SST/Rog-Go1-Gos267.conllu,6321,d9b29647,17c91043010b9904ece6de36dfac022772cf879ba07189ae33a37b68e0cbce8b,.conllu,YES,parsed all CONLL-U token rows source-faithfully
rog_slovenian_1_0_1_1_manual_prosody,ROG.zip,ROG/ROG-SST/Rog-Go1-Gos238.conllu,9991,a225ab1e,9b7f1bbd59b478f3145d3ff01532b090599b53a82015c3812fd7df8a40ff851e,.conllu,YES,parsed all CONLL-U token rows source-faithfully
rog_slovenian_1_0_1_1_manual_prosody,ROG.zip,ROG/ROG-SST/Rog-Go1-Gos017.conllu,21556,f97adae0,39f7a723e5d2a950dfce347bccf462b6680d9ad5993c73c4737d9d96cfad6499,.conllu,YES,parsed all CONLL-U token rows source-faithfully
rog_slovenian_1_0_1_1_manual_prosody,ROG.zip,ROG/ROG-SST/Rog-Go1-Gos079.conllu,1263,a13a2c3b,b5e40ce1b2a4fc5b51702d1401891765a18913826c69c87fcc50bc4a06c780bc,.conllu,YES,parsed all CONLL-U token rows source-faithfully
rog_slovenian_1_0_1_1_manual_prosody,ROG.zip,ROG/ROG-SST/Rog-Go1-Gos133.conllu,9240,66ff753e,7ce76ff77c3dc39b9223014a0e6c0948030e18d523588ebf8cca99bae19022e8,.conllu,YES,parsed all CONLL-U token rows source-faithfully
rog_slovenian_1_0_1_1_manual_prosody,ROG.zip,ROG/ROG-SST/Rog-Go1-Gos285.conllu,14607,4f332826,21af8d1f79cc0d29640b37ae3cd37a20994262d75bd70fbcb85ebb336111c182,.conllu,YES,parsed all CONLL-U token rows source-faithfully
rog_slovenian_1_0_1_1_manual_prosody,ROG.zip,ROG/ROG-SST/Rog-Go1-Gos192.conllu,17907,bfd3f11d,13650228e685350e308db2e3abdab8372727a1552975e0f1ba78e6df81b9ddf6,.conllu,YES,parsed all CONLL-U token rows source-faithfully
rog_slovenian_1_0_1_1_manual_prosody,ROG.zip,ROG/ROG-SST/Rog-Go1-Gos090.conllu,2285,bb66cfb4,81afd1807946818e90f58aa80afaff16ac277f844a540ae0055764f4885df477,.conllu,YES,parsed all CONLL-U token rows source-faithfully
rog_slovenian_1_0_1_1_manual_prosody,ROG.zip,ROG/ROG-SST/Rog-Go1-Gos207.conllu,3152,45883258,3a82b060f7dd39b3a80d99f085a1e783cb989b24f72fec89fffb937407b45491,.conllu,YES,parsed all CONLL-U token rows source-faithfully
rog_slovenian_1_0_1_1_manual_prosody,ROG.zip,ROG/ROG-SST/Rog-Go2-Gos173.conllu,83257,7ee761f6,f54a2416b544bb66f08964aaa280ffd1a1c680d00275c5f1014561e4e0fd6d40,.conllu,YES,parsed all CONLL-U token rows source-faithfully
rog_slovenian_1_0_1_1_manual_prosody,ROG.zip,ROG/ROG-SST/Rog-Go1-Gos122.conllu,7252,14610347,d7e258b87834671d21deaf2ecf24ce9a23a4b83a1a0ccfa37abc52b60dfdb7dc,.conllu,YES,parsed all CONLL-U token rows source-faithfully
rog_slovenian_1_0_1_1_manual_prosody,ROG.zip,ROG/ROG-SST/Rog-Go1-Gos205.conllu,7642,3cd21d91,20eb35b9ecc9ae34f376154fe304a971d8cda7b1df19cc610010184a9734ebb4,.conllu,YES,parsed all CONLL-U token rows source-faithfully
rog_slovenian_1_0_1_1_manual_prosody,ROG.zip,ROG/ROG-SST/Rog-Go1-Gos144.conllu,36510,5cf3d933,e7fbd9e582fbc99c60f2a5b014ccdaff6ef0f1298b5048c342ed0dde05af5ecd,.conllu,YES,parsed all CONLL-U token rows source-faithfully
rog_slovenian_1_0_1_1_manual_prosody,ROG.zip,ROG/ROG-SST/Rog-Go1-Gos040.conllu,15310,55f42c58,02787129e7cb144a62104059d9dd7301d74effced98e51e04fbe810ad864b82a,.conllu,YES,parsed all CONLL-U token rows source-faithfully
rog_slovenian_1_0_1_1_manual_prosody,ROG.zip,ROG/ROG-SST/Rog-Art-J-Gvecg-P580023.conllu,204019,eca2135a,d0e75f922276da92b08bb00445ab483f194303d43ade8fbe94569e71802483c1,.conllu,YES,parsed all CONLL-U token rows source-faithfully
rog_slovenian_1_0_1_1_manual_prosody,ROG.zip,ROG/ROG-SST/Rog-Go2-Gos159.conllu,99066,bd0210fc,08ed5760566b02a8b0566d3c18bf4916fba0893165f8afcda622d8aa180ec636,.conllu,YES,parsed all CONLL-U token rows source-faithfully
rog_slovenian_1_0_1_1_manual_prosody,ROG.zip,ROG/ROG-SST/Rog-Go1-Gos020.conllu,22291,b466cd5b,671cfc0d733712499802b7bbe11f716cd5ee048d92e1592bb6433b6779469318,.conllu,YES,parsed all CONLL-U token rows source-faithfully
rog_slovenian_1_0_1_1_manual_prosody,ROG.zip,ROG/ROG-SST/Rog-Art-J-Gvecg-P500021.conllu,176655,cbb44cf9,488dfbebf1468b7874ccceafa531f01cc52b12ee107f472b8b077f5df54431db,.conllu,YES,parsed all CONLL-U token rows source-faithfully
rog_slovenian_1_0_1_1_manual_prosody,ROG.zip,ROG/ROG-SST/Rog-Go1-Gos066.conllu,5955,9c5ad3af,42c51fd9d1404e533d2e473c7835106c9f5af9e72032ff7798f41721eb076a9b,.conllu,YES,parsed all CONLL-U token rows source-faithfully
rog_slovenian_1_0_1_1_manual_prosody,ROG.zip,ROG/ROG-SST/Rog-Go1-Gos225.conllu,24820,c87f7c53,d31788e721618bc005d066a014f5edf97db8db9766f06323c68b7f32827cb898,.conllu,YES,parsed all CONLL-U token rows source-faithfully
rog_slovenian_1_0_1_1_manual_prosody,ROG.zip,ROG/ROG-SST/Rog-Go1-Gos053.conllu,14199,7cb1a80b,17591e0533edc1306db72aca8a2d821c3d101e205a9fed9fbc583f8e498c8c60,.conllu,YES,parsed all CONLL-U token rows source-faithfully
rog_slovenian_1_0_1_1_manual_prosody,ROG.zip,ROG/ROG-SST/Rog-Art-J-Gvecg-P580051.conllu,179604,0c6c95eb,9d8320329af51ea9a1a643fb2c86461df5b7310cccc268a70e6295561e890336,.conllu,YES,parsed all CONLL-U token rows source-faithfully
rog_slovenian_1_0_1_1_manual_prosody,ROG.zip,ROG/ROG-SST/Rog-Art-N-G5097-P600096.conllu,165514,f6f35d23,12f21bfa5030ba1e5c49a7f3d9d375f1a2e25401fd577e7fb030f020045414f7,.conllu,YES,parsed all CONLL-U token rows source-faithfully
rog_slovenian_1_0_1_1_manual_prosody,ROG.zip,ROG/ROG-SST/Rog-Art-N-G6007-P600702.conllu,128303,94734070,8a3d319fbe31fbd55bd4080eb39352b538753fc9011f42146449994b17e2b58d,.conllu,YES,parsed all CONLL-U token rows source-faithfully
rog_slovenian_1_0_1_1_manual_prosody,ROG.zip,ROG/ROG-SST/Rog-Art-N-G5044-P600044.conllu,83100,f0469e94,078885b90c38f703d7c7c8bcf9a3a7a4ec9e45cc60fe84fdce7ac57e89866671,.conllu,YES,parsed all CONLL-U token rows source-faithfully
rog_slovenian_1_0_1_1_manual_prosody,ROG.zip,ROG/ROG-SST/Rog-Go1-Gos188.conllu,8326,c88bc172,5738b880ee520356327ac19d20eb5bdd36304a2afe9bc7ed640e7b4ac27debe6,.conllu,YES,parsed all CONLL-U token rows source-faithfully
rog_slovenian_1_0_1_1_manual_prosody,ROG.zip,ROG/ROG-SST/Rog-Go1-Gos201.conllu,3847,551ef6fa,c560ba204cabc34f785c9fdf0ac2dbe66601750bbad8b9637e01141f0e027978,.conllu,YES,parsed all CONLL-U token rows source-faithfully
rog_slovenian_1_0_1_1_manual_prosody,ROG.zip,ROG/ROG-SST/Rog-Go1-Gos137.conllu,34010,a5ecdfc3,adb9ea25d0af2fa2333c0e8785dc320494fb23169366c4d702086c1861d85696,.conllu,YES,parsed all CONLL-U token rows source-faithfully
rog_slovenian_1_0_1_1_manual_prosody,ROG.zip,ROG/ROG-SST/Rog-Art-P-G7065-P701064.conllu,150554,e0ab8a6d,badb9aee3ee8c418226d116eb915e39988b6080ed985bda729a4fc25dde8ce5c,.conllu,YES,parsed all CONLL-U token rows source-faithfully
rog_slovenian_1_0_1_1_manual_prosody,ROG.zip,ROG/ROG-SST/Rog-Go1-Gos142.conllu,22735,e9c22dfc,3a5fbc2f5217aacef9de4056472bfbcefe71c39d2e18b43930797cf2b728479b,.conllu,YES,parsed all CONLL-U token rows source-faithfully
rog_slovenian_1_0_1_1_manual_prosody,ROG.zip,ROG/ROG-SST/Rog-Go1-Gos011.conllu,18982,4056c0f4,5a469aac7491ba1e7dcf544fc6fd039aa995c41ec5432938660a0d8aa9d5e8d1,.conllu,YES,parsed all CONLL-U token rows source-faithfully
rog_slovenian_1_0_1_1_manual_prosody,ROG.zip,ROG/ROG-SST/Rog-Go1-Gos116.conllu,15104,488939a5,7610e952ad6fb3a2d6e13282e9c4b1a98655537a297604415ad32269e57f91af,.conllu,YES,parsed all CONLL-U token rows source-faithfully
rog_slovenian_1_0_1_1_manual_prosody,ROG.zip,ROG/ROG-SST/Rog-Go1-Gos244.conllu,23866,538722d4,86ec0da4a30510507d9f0c20f23f7bfe85c579736f3c5d8863e799d072b5f89b,.conllu,YES,parsed all CONLL-U token rows source-faithfully
rog_slovenian_1_0_1_1_manual_prosody,ROG.zip,ROG/ROG-SST/Rog-Go1-Gos211.conllu,3002,861a0c16,3cb79997ff40251473a1189cd324beaec1a929b1c3d54a2e3ae6958c0ec63ef5,.conllu,YES,parsed all CONLL-U token rows source-faithfully
rog_slovenian_1_0_1_1_manual_prosody,ROG.zip,ROG/ROG-SST/Rog-Go1-Gos223.conllu,24287,fd191afd,972787bbe74e78bdc11b7016137a624aed7283f084e3fce62d183b3d160546e3,.conllu,YES,parsed all CONLL-U token rows source-faithfully
rog_slovenian_1_0_1_1_manual_prosody,ROG.zip,ROG/ROG-SST/Rog-Go1-Gos067.conllu,4275,ca45961a,a3f0f277bd53cd6e843433faeaec1712097f2b2e309137ed4cd0187be954764a,.conllu,YES,parsed all CONLL-U token rows source-faithfully
rog_slovenian_1_0_1_1_manual_prosody,ROG.zip,ROG/ROG-SST/Rog-Go1-Gos046.conllu,17119,f83878ea,cc65f57160f962fa8fd5eb07d436372f8bae7ac629db14d6552841d0b0f5d0fd,.conllu,YES,parsed all CONLL-U token rows source-faithfully
rog_slovenian_1_0_1_1_manual_prosody,ROG.zip,ROG/ROG-SST/Rog-Go1-Gos152.conllu,9566,67646d95,b6e802ae2e2a9e89b19d4d11f3cb0af46c7d5534c88e6e4ed3e44a1cd4f691b8,.conllu,YES,parsed all CONLL-U token rows source-faithfully
rog_slovenian_1_0_1_1_manual_prosody,ROG.zip,ROG/ROG-SST/Rog-Go1-Gos030.conllu,8930,b0becf0b,58fbabad08a87d6214f722259c50afa5da81065a8b5d3470bdff87e915417874,.conllu,YES,parsed all CONLL-U token rows source-faithfully
rog_slovenian_1_0_1_1_manual_prosody,ROG.zip,ROG/ROG-SST/Rog-Art-N-G6060-P606001.conllu,156901,3910fee3,c47e4c053dfeb192845ef568cedca1c2004d03f2e455fb23ddbe9f652b33a441,.conllu,YES,parsed all CONLL-U token rows source-faithfully
rog_slovenian_1_0_1_1_manual_prosody,ROG.zip,ROG/ROG-SST/Rog-Go1-Gos265.conllu,6044,e3fd6360,6d4b6fc20097e5fbd518ccdd143eab3c1292ef27af99161506a447bf9c19cecb,.conllu,YES,parsed all CONLL-U token rows source-faithfully
rog_slovenian_1_0_1_1_manual_prosody,ROG.zip,ROG/ROG-SST/Rog-Go1-Gos150.conllu,4720,f7c7a814,9a86b04af95bd2d61f0b2795ef13e8b4a3abba31df55027cf5cc37d786095c99,.conllu,YES,parsed all CONLL-U token rows source-faithfully
rog_slovenian_1_0_1_1_manual_prosody,ROG.zip,ROG/ROG-SST/Rog-Go1-Gos272.conllu,2776,a3bdccad,644d788676f25c00ed4c7a18bff79b066e766fd7997de28c5d3ea9b202b4dc48,.conllu,YES,parsed all CONLL-U token rows source-faithfully
rog_slovenian_1_0_1_1_manual_prosody,ROG.zip,ROG/ROG-SST/Rog-Go1-Gos251.conllu,10678,e7d64dca,d1851ccd0bc2e96d5a441a2de49f29b071652feec7028cb26b75c1d29b2d24e5,.conllu,YES,parsed all CONLL-U token rows source-faithfully
rog_slovenian_1_0_1_1_manual_prosody,ROG.zip,ROG/ROG-SST/Rog-Art-J-Gvecg-P500037.conllu,170581,143d4bb8,42b45774fd62dca5b32485a76abd09cf8eb5924c9df84897346b5807fc7e6ce4,.conllu,YES,parsed all CONLL-U token rows source-faithfully
rog_slovenian_1_0_1_1_manual_prosody,ROG.zip,ROG/ROG-SST/Rog-Go1-Gos095.conllu,2581,76dbc1ae,92e0ef44b8cc140a31efd1c24b084601f881a80f3e943f0a30b04abfff3ed440,.conllu,YES,parsed all CONLL-U token rows source-faithfully
rog_slovenian_1_0_1_1_manual_prosody,ROG.zip,ROG/ROG-SST/Rog-Go1-Gos240.conllu,22882,93ed954e,ba1188bcc83dbf6b9b97b6d5a207d30f7722d030137dffe3491784e34851a75a,.conllu,YES,parsed all CONLL-U token rows source-faithfully
rog_slovenian_1_0_1_1_manual_prosody,ROG.zip,ROG/ROG-SST/Rog-Go1-Gos083.conllu,2472,a673f1f7,36310441a12ff713129d64ec92d61d3be6bbf3715265a1a3fac3aed76fb7e247,.conllu,YES,parsed all CONLL-U token rows source-faithfully
rog_slovenian_1_0_1_1_manual_prosody,ROG.zip,ROG/ROG-SST/Rog-Go1-Gos078.conllu,1988,2c430fec,c7eaacc262fdeb366f8c8d600d1bb8eeb3dc86cd4b7589434cb18c4f33c0ddd7,.conllu,YES,parsed all CONLL-U token rows source-faithfully
rog_slovenian_1_0_1_1_manual_prosody,ROG.zip,ROG/ROG-SST/Rog-Go1-Gos231.conllu,13152,190acd25,856ec779d28d89fcc27920b16fe35c0aeab6e720ac7027a8ef2b2fa85ac30659,.conllu,YES,parsed all CONLL-U token rows source-faithfully
rog_slovenian_1_0_1_1_manual_prosody,ROG.zip,ROG/ROG-SST/Rog-Go2-Gos246.conllu,83519,c427d264,c49faa553bc749896497ab307d3073d11456eca34fdce9dcaf7a3b249e492fed,.conllu,YES,parsed all CONLL-U token rows source-faithfully
rog_slovenian_1_0_1_1_manual_prosody,ROG.zip,ROG/ROG-SST/Rog-Go1-Gos098.conllu,1413,b8d47b48,11646158fc9eddd16a9156941d44dea115402eef597c3771dab7f39e00d86b2b,.conllu,YES,parsed all CONLL-U token rows source-faithfully
rog_slovenian_1_0_1_1_manual_prosody,ROG.zip,ROG/ROG-SST/Rog-Go1-Gos189.conllu,12974,661cf3cd,0a77376a05b37b7db4fc4073d6762122565c164b17876c04bef2139a92128ea9,.conllu,YES,parsed all CONLL-U token rows source-faithfully
rog_slovenian_1_0_1_1_manual_prosody,ROG.zip,ROG/ROG-SST/Rog-Art-N-G6116-P611601.conllu,164595,e6bd577b,b8d6fe224b075eac09789f9f23f58666a3bcb53e97c1cb41a22c82b95db18b80,.conllu,YES,parsed all CONLL-U token rows source-faithfully
rog_slovenian_1_0_1_1_manual_prosody,ROG.zip,ROG/ROG-SST/Rog-Go1-Gos164.conllu,59499,b5b33023,148f5fc405100df888eacddc9d24bb106e7eea8519a015ebaf1778d5092fa0d7,.conllu,YES,parsed all CONLL-U token rows source-faithfully
rog_slovenian_1_0_1_1_manual_prosody,ROG.zip,ROG/ROG-SST/Rog-Art-J-Gvecg-P500042.conllu,180915,6684d9cb,5d98c8517ad8ef8345e614aad6dc4bd6c56728dcb3825140c535b2265d23c455,.conllu,YES,parsed all CONLL-U token rows source-faithfully
rog_slovenian_1_0_1_1_manual_prosody,ROG.zip,ROG/ROG-SST/Rog-Go1-Gos101.conllu,3533,b88b5cdc,ddba3676792750a5cb84c577bda1ee749b077da27ec5d19d6d0b76bec6217309,.conllu,YES,parsed all CONLL-U token rows source-faithfully
rog_slovenian_1_0_1_1_manual_prosody,ROG.zip,ROG/ROG-SST/Rog-Go1-Gos096.conllu,1175,6a64c296,941f98e6568023742af1be3dd317b8150b5c33aa81fb741c38c06d96362189c9,.conllu,YES,parsed all CONLL-U token rows source-faithfully
rog_slovenian_1_0_1_1_manual_prosody,ROG.zip,ROG/ROG-SST/Rog-Art-N-G6112-P611202.conllu,150828,22956320,6a896208d4dd64898a355ccb4c6cd9edb3d629031971172e133c1ba41684b426,.conllu,YES,parsed all CONLL-U token rows source-faithfully
rog_slovenian_1_0_1_1_manual_prosody,ROG.zip,ROG/ROG-SST/Rog-Go1-Gos094.conllu,3471,d023c58c,38955302af7b4ab261defe0f1d65898504748f0568ddeb85d2de8bc693e3caab,.conllu,YES,parsed all CONLL-U token rows source-faithfully
rog_slovenian_1_0_1_1_manual_prosody,ROG.zip,ROG/ROG-SST/Rog-Go1-Gos111.conllu,1524,5c0290eb,90a903b24bd6892e1145e86ae92a1f8dd1128dc23a29e3c86cbb0d6f1fe38c77,.conllu,YES,parsed all CONLL-U token rows source-faithfully
rog_slovenian_1_0_1_1_manual_prosody,ROG.zip,ROG/ROG-SST/Rog-Go1-Gos235.conllu,19188,25b78c71,4e2fbeea540de620ce0f7baa7fc4f656d5a8094a4875ff1b830b7fba684cae33,.conllu,YES,parsed all CONLL-U token rows source-faithfully
rog_slovenian_1_0_1_1_manual_prosody,ROG.zip,ROG/ROG-SST/Rog-Go1-Gos113.conllu,7894,8c63be5e,ddb51612b01a7ee9ed1f6804e63ab60ad559b70d49ab6c25284c80b66fa1bae3,.conllu,YES,parsed all CONLL-U token rows source-faithfully
rog_slovenian_1_0_1_1_manual_prosody,ROG.zip,ROG/ROG-SST/Rog-Go1-Gos088.conllu,3387,8c3f1228,92fff667e2e018079a7543a6c20c2899bfaba7fac60047e42fba37fa831e4893,.conllu,YES,parsed all CONLL-U token rows source-faithfully
rog_slovenian_1_0_1_1_manual_prosody,ROG.zip,ROG/ROG-SST/Rog-Go1-Gos009.conllu,11233,b61bdf73,ca90cb2c3c15b44eb58f51da618734c60962ef76c957d59365f8128958d1af32,.conllu,YES,parsed all CONLL-U token rows source-faithfully
rog_slovenian_1_0_1_1_manual_prosody,ROG.zip,ROG/ROG-SST/Rog-Go1-Gos271.conllu,3954,178fa4be,2484a5561a2242b0484150a8de77c5e132173663d73741d41dc9f0bfa36e37de,.conllu,YES,parsed all CONLL-U token rows source-faithfully
rog_slovenian_1_0_1_1_manual_prosody,ROG.zip,ROG/ROG-SST/Rog-Go1-Gos215.conllu,2632,6f5a8e6c,bda5807e15230b06383e66de7833542ccd3410e405c7dda7866622dbbd85bf46,.conllu,YES,parsed all CONLL-U token rows source-faithfully
rog_slovenian_1_0_1_1_manual_prosody,ROG.zip,ROG/ROG-SST/Rog-Go1-Gos075.conllu,3375,09beaa5d,916e4304a20b07133d17eda91e4c186c4d0ef23ad3d3a5a673c81395f26974c9,.conllu,YES,parsed all CONLL-U token rows source-faithfully
rog_slovenian_1_0_1_1_manual_prosody,ROG.zip,ROG/ROG-SST/Rog-Go1-Gos194.conllu,19388,a6300e35,e7e18e99c8b769fd2a5fd7ac038a3ac2db8541c8e0a20bdfac23836d6f39ecc7,.conllu,YES,parsed all CONLL-U token rows source-faithfully
rog_slovenian_1_0_1_1_manual_prosody,ROG.zip,ROG/ROG-SST/Rog-Art-J-Gvecg-P580002.conllu,177918,07258c9a,ea6d88f9ca042a79a5538e872df4dbf451639d36d0996fdb7a1ec2cee0ce7150,.conllu,YES,parsed all CONLL-U token rows source-faithfully
rog_slovenian_1_0_1_1_manual_prosody,ROG.zip,ROG/ROG-SST/Rog-Go1-Gos243.conllu,16975,df2c12f1,4117985f01e79fb0ab4a7a679ace790c0079b8aab7394274008c6a8989b3c9bd,.conllu,YES,parsed all CONLL-U token rows source-faithfully
rog_slovenian_1_0_1_1_manual_prosody,ROG.zip,ROG/ROG-SST/Rog-Go1-Gos161.conllu,47108,2f8201a0,bc1b4af2b64ad276662f4de7eb58cc720a4eca78d71b7f96586c8df1e9fe9864,.conllu,YES,parsed all CONLL-U token rows source-faithfully
rog_slovenian_1_0_1_1_manual_prosody,ROG.zip,ROG/ROG-SST/Rog-Go1-Gos100.conllu,3595,12a96b02,2f6442c195501fb7f9c1550cade241f805a51f44375a109fa42c693566564e7f,.conllu,YES,parsed all CONLL-U token rows source-faithfully
rog_slovenian_1_0_1_1_manual_prosody,ROG.zip,ROG/ROG-SST/Rog-Go1-Gos275.conllu,6696,2ca02087,7d5a4096141248a15c356e2af84a9c655f3d7af3273a8be778b7c4e8c6e4b4d9,.conllu,YES,parsed all CONLL-U token rows source-faithfully
rog_slovenian_1_0_1_1_manual_prosody,ROG.zip,ROG/ROG-SST/Rog-Art-J-Gvecg-P500048.conllu,186461,fb54e3e3,bd3f1236594235ef291ce485291f948d54de6d0fef8259439fb274b353ddf2af,.conllu,YES,parsed all CONLL-U token rows source-faithfully
rog_slovenian_1_0_1_1_manual_prosody,ROG.zip,ROG/ROG-SST/Rog-Go1-Gos284.conllu,10515,62fc027e,ca3f7dca3c8e0d30f6a81d2d2d0f2caeca400290a3130b11b0aa42264ded684e,.conllu,YES,parsed all CONLL-U token rows source-faithfully
rog_slovenian_1_0_1_1_manual_prosody,ROG.zip,ROG/ROG-SST/Rog-Art-P-G7001-P700192.conllu,150601,5211fcf1,55d245930fb1a7d994cf2d831fb6d3609e6f31516683ce7e1071c397aa7c3e69,.conllu,YES,parsed all CONLL-U token rows source-faithfully
rog_slovenian_1_0_1_1_manual_prosody,ROG.zip,ROG/ROG-SST/Rog-Go1-Gos263.conllu,10377,801b9493,e68d9b1525d2ae1f25ebeddcdb6f4936b92c473f42d1595463b8d1845a47338c,.conllu,YES,parsed all CONLL-U token rows source-faithfully
rog_slovenian_1_0_1_1_manual_prosody,ROG.zip,ROG/ROG-SST/Rog-Go1-Gos266.conllu,9634,6fcd223b,7d62b322b0d6f53c1fe79c25c57c9800a861ccb918c509ae61a5e3e7a2ddbacf,.conllu,YES,parsed all CONLL-U token rows source-faithfully
rog_slovenian_1_0_1_1_manual_prosody,ROG.zip,ROG/ROG-SST/Rog-Go1-Gos005.conllu,14614,6578859e,1a852ee2f37b88c0e4a3aada9fd265a58bc761c121161613e19711161709c146,.conllu,YES,parsed all CONLL-U token rows source-faithfully
rog_slovenian_1_0_1_1_manual_prosody,ROG.zip,ROG/ROG-SST/Rog-Go1-Gos130.conllu,25362,f229dd04,4811e67fb82e09d7aa6824fcaa764952601584620c490ee10f2c51604aaeca78,.conllu,YES,parsed all CONLL-U token rows source-faithfully
rog_slovenian_1_0_1_1_manual_prosody,ROG.zip,ROG/ROG-SST/Rog-Art-J-Gvecg-P580047.conllu,175019,8b827751,3387ece4c48dc20f214d9420d6ba3a69689d72a8f22f660266e532018ab52574,.conllu,YES,parsed all CONLL-U token rows source-faithfully
rog_slovenian_1_0_1_1_manual_prosody,ROG.zip,ROG/ROG-SST/Rog-Go1-Gos174.conllu,21901,39b3cc82,f6c74eee1d25ee78892eaa659e6942c37df5dcf0b28b2d9076b29c45e51b573f,.conllu,YES,parsed all CONLL-U token rows source-faithfully
rog_slovenian_1_0_1_1_manual_prosody,ROG.zip,ROG/ROG-SST/Rog-Art-N-G5082-P600080.conllu,22935,17b4cd8e,ad8d8e50db29916588558895cfd5fd184c5fd6d1ba5d8e491c99c345900a9a22,.conllu,YES,parsed all CONLL-U token rows source-faithfully
rog_slovenian_1_0_1_1_manual_prosody,ROG.zip,ROG/ROG-SST/Rog-Go1-Gos227.conllu,8686,ee5e5f00,934ce1675080d3f4201f427a8bfa5f6186d2a6e1bc0663e43e80d5d502754dbe,.conllu,YES,parsed all CONLL-U token rows source-faithfully
rog_slovenian_1_0_1_1_manual_prosody,ROG.zip,ROG/ROG-SST/Rog-Art-J-Gvecg-P500026.conllu,185736,2ccb829c,f1ecd5da8e2ad917a01a8c55eb36498a58ec4e23a0049e1d7ed57b886bee6636,.conllu,YES,parsed all CONLL-U token rows source-faithfully
rog_slovenian_1_0_1_1_manual_prosody,ROG.zip,ROG/ROG-SST/Rog-Go1-Gos010.conllu,14235,c601a3ca,a8ba6634ad4c7fe50eb83cd95e65e9a8c90ad1128b4c2fde4f9f553420d9e491,.conllu,YES,parsed all CONLL-U token rows source-faithfully
rog_slovenian_1_0_1_1_manual_prosody,ROG.zip,ROG/ROG-SST/Rog-Art-J-Gvecg-P500054.conllu,183296,704f7b0e,8a0d2c32304f80db8353bc73749a8df0458ffd85d09e548d5830f3c531738906,.conllu,YES,parsed all CONLL-U token rows source-faithfully
rog_slovenian_1_0_1_1_manual_prosody,ROG.zip,ROG/ROG-SST/Rog-Go1-Gos156.conllu,15695,92de4bbe,25cd53e9098200569f650a26bee5668bcf19a08c0e01908c85a9c596df312569,.conllu,YES,parsed all CONLL-U token rows source-faithfully
rog_slovenian_1_0_1_1_manual_prosody,ROG.zip,ROG/ROG-SST/Rog-Go1-Gos028.conllu,7692,31ca5f9e,674e7064b124a680a84c75a9f63f2d27a7f09c29dd463906cb535190c79b7afb,.conllu,YES,parsed all CONLL-U token rows source-faithfully
rog_slovenian_1_0_1_1_manual_prosody,ROG.zip,ROG/ROG-SST/Rog-Go1-Gos214.conllu,13632,ca21b2f8,7a9128301d4c6137fc5ab09c626f598e6439785e5d51edcf5c745292ff09ce2b,.conllu,YES,parsed all CONLL-U token rows source-faithfully
rog_slovenian_1_0_1_1_manual_prosody,ROG.zip,ROG/ROG-SST/Rog-Go1-Gos056.conllu,15570,b1d85f38,44dc4c6dfb8ae8ed5492aae5563dae8bd5d7094c26d834625ad5fc4e49120fb4,.conllu,YES,parsed all CONLL-U token rows source-faithfully
rog_slovenian_1_0_1_1_manual_prosody,ROG.zip,ROG/ROG-SST/Rog-Go1-Gos278.conllu,17681,663757fb,1ecf5a31a72271627f34cd88eefdbc17cf3868f217ec3ddbb645eedf1bdd3036,.conllu,YES,parsed all CONLL-U token rows source-faithfully
rog_slovenian_1_0_1_1_manual_prosody,ROG.zip,ROG/ROG-SST/Rog-Go1-Gos177.conllu,14272,246996ef,20198d63a96bf8b9e171e45518f89beecbbb4c349f876a8432475b7cc731d704,.conllu,YES,parsed all CONLL-U token rows source-faithfully
rog_slovenian_1_0_1_1_manual_prosody,ROG.zip,ROG/ROG-SST/Rog-Go1-Gos187.conllu,8531,9770d211,b01f30084cd44827421a7086331faf2bd864d175be2960f017c2c87558892ca5,.conllu,YES,parsed all CONLL-U token rows source-faithfully
rog_slovenian_1_0_1_1_manual_prosody,ROG.zip,ROG/ROG-SST/Rog-Go1-Gos236.conllu,19162,f677402b,c8f90793d6cb7aa93f9511351f97f2fbf5d9c41bbc4cd7c06506087cbcc7a213,.conllu,YES,parsed all CONLL-U token rows source-faithfully
rog_slovenian_1_0_1_1_manual_prosody,ROG.zip,ROG/ROG-SST/Rog-Art-J-Gvecg-P580003.conllu,182565,81e1f708,e244af2d8ffc3fc83c94313ba7d8a2b32f443c9df1d7f7e6aba286d55f1c1ea3,.conllu,YES,parsed all CONLL-U token rows source-faithfully
rog_slovenian_1_0_1_1_manual_prosody,ROG.zip,ROG/ROG-SST/Rog-Go1-Gos054.conllu,10431,8c464267,dfed0fb9fe4a7790f963c69bd05b660752a2cbe4d8c86eac9d881bc6f532f63b,.conllu,YES,parsed all CONLL-U token rows source-faithfully
rog_slovenian_1_0_1_1_manual_prosody,ROG.zip,ROG/ROG-SST/Rog-Go1-Gos237.conllu,10039,cd32bacd,89300e18ebec2cc0b60d5f9409a10d86a692b65c5a3b817022b338be530f4bce,.conllu,YES,parsed all CONLL-U token rows source-faithfully
rog_slovenian_1_0_1_1_manual_prosody,ROG.zip,ROG/ROG-SST/Rog-Go1-Gos193.conllu,10048,296ad8bd,70c445332edeb1567ecef560a0ae05917e1786e512f348bffb80fd4289475f7a,.conllu,YES,parsed all CONLL-U token rows source-faithfully
rog_slovenian_1_0_1_1_manual_prosody,ROG.zip,ROG/ROG-SST/Rog-Go1-Gos221.conllu,6133,60508236,4ad4235c8894582e6f3abaa66cf8cf0dda80883aa2c3171817ec13c0da07e372,.conllu,YES,parsed all CONLL-U token rows source-faithfully
rog_slovenian_1_0_1_1_manual_prosody,ROG.zip,ROG/ROG-SST/Rog-Go1-Gos283.conllu,23743,e0597a80,e5febbc9a3996f87f9e6271270bc20084a9c8aea1e5a361dfee1715d6561f8b1,.conllu,YES,parsed all CONLL-U token rows source-faithfully
rog_slovenian_1_0_1_1_manual_prosody,ROG.zip,ROG/ROG-SST/Rog-Go1-Gos219.conllu,26785,9eb39bb1,9319a120c5eff5559c053341c89a8414bc8620297d70f31f32c45df7db1fd71c,.conllu,YES,parsed all CONLL-U token rows source-faithfully
rog_slovenian_1_0_1_1_manual_prosody,ROG.zip,ROG/ROG-SST/Rog-Go1-Gos057.conllu,12058,cd068273,94cd70be6415fa10d52e1e428632d19a5a2ca0639962d8126de95f4a5b34dfb9,.conllu,YES,parsed all CONLL-U token rows source-faithfully
rog_slovenian_1_0_1_1_manual_prosody,ROG.zip,ROG/ROG-SST/Rog-Go1-Gos160.conllu,11941,a87e63ca,7c80b1bd557c94b684c81842e92abbfec60e92da36d56bb42e050d78126c6b37,.conllu,YES,parsed all CONLL-U token rows source-faithfully
rog_slovenian_1_0_1_1_manual_prosody,ROG.zip,ROG/ROG-SST/Rog-Go1-Gos062.conllu,16336,6e5e79ff,6ec9d05baa8587713a680379395ebfc977fbca8f6be1dec17411b1b018e53031,.conllu,YES,parsed all CONLL-U token rows source-faithfully
rog_slovenian_1_0_1_1_manual_prosody,ROG.zip,ROG/ROG-SST/Rog-Go1-Gos139.conllu,18929,44665237,c7bdd427350249b25159aa0915e107e73bd59282aac34aad5ffb80e2ba3ac1db,.conllu,YES,parsed all CONLL-U token rows source-faithfully
rog_slovenian_1_0_1_1_manual_prosody,ROG.zip,ROG/ROG-SST/Rog-Go1-Gos197.conllu,12337,817776ad,d38246c89282f3acccd1880061c3e5f73823e85a2e46456f73dd31789be87766,.conllu,YES,parsed all CONLL-U token rows source-faithfully
rog_slovenian_1_0_1_1_manual_prosody,ROG.zip,ROG/ROG-SST/Rog-Go1-Gos045.conllu,22586,fb143cda,8747ede217dd457c8e149311da890b4ee0b786a728bc2126e8584e4b44b3e559,.conllu,YES,parsed all CONLL-U token rows source-faithfully
rog_slovenian_1_0_1_1_manual_prosody,ROG.zip,ROG/ROG-SST/Rog-Go1-Gos106.conllu,4145,0397a664,b9bcdd5697fe3a0a1c28ac022d9a776f6f8c2803ec007e7b34ceb7d514e51423,.conllu,YES,parsed all CONLL-U token rows source-faithfully
rog_slovenian_1_0_1_1_manual_prosody,ROG.zip,ROG/ROG-SST/Rog-Go1-Gos199.conllu,12433,2d0a843f,bb60b97162c4bef421d2efd5017365ae43698931c78d0e966e29a863d55c9699,.conllu,YES,parsed all CONLL-U token rows source-faithfully
rog_slovenian_1_0_1_1_manual_prosody,ROG.zip,ROG/ROG-SST/Rog-Go1-Gos143.conllu,16567,859795b5,40e45df2572140bd3a788820baafedcb81aca4da18b484eb7f4e260ec91067e7,.conllu,YES,parsed all CONLL-U token rows source-faithfully
rog_slovenian_1_0_1_1_manual_prosody,ROG.zip,ROG/ROG-SST/Rog-Go1-Gos104.conllu,2008,d0d93295,f6e8cd18bb82c66d78faaadabba5fd2a348e477854add25b59889d4f7a72e880,.conllu,YES,parsed all CONLL-U token rows source-faithfully
rog_slovenian_1_0_1_1_manual_prosody,ROG.zip,ROG/ROG-SST/Rog-Art-N-G5025-P600021.conllu,82667,92eb5ae1,b7303f8c69925426b15700e13e5dfd8519e315487257b4a360f6e38d71646c5c,.conllu,YES,parsed all CONLL-U token rows source-faithfully
rog_slovenian_1_0_1_1_manual_prosody,ROG.zip,ROG/ROG-SST/Rog-Go1-Gos126.conllu,9093,a79341eb,0afafe75c7a96b4237ea9a93fcf5cc768038f94dea0f9357525b6c93610b5f2b,.conllu,YES,parsed all CONLL-U token rows source-faithfully
rog_slovenian_1_0_1_1_manual_prosody,ROG.zip,ROG/ROG-SST/Rog-Go1-Gos039.conllu,18538,04b2abaf,0fa79843ad6d4143432ae5fbeb62a3728cf0f7a29f4e6b21107f3e6fedbf8927,.conllu,YES,parsed all CONLL-U token rows source-faithfully
rog_slovenian_1_0_1_1_manual_prosody,ROG.zip,ROG/ROG-SST/Rog-Go1-Gos092.conllu,1594,7968069b,27b0284091fa745b294fe6521242ab2dcaaf99a6e30e75200e1b6b7689b0d441,.conllu,YES,parsed all CONLL-U token rows source-faithfully
rog_slovenian_1_0_1_1_manual_prosody,ROG.zip,ROG/ROG-SST/Rog-Art-J-Gvecg-P500014.conllu,165182,9d68d9d3,7a2fa6ca4a60e15e3333d4203b6689e4cb4d7a020a1de62ccfd2693666b0ce0b,.conllu,YES,parsed all CONLL-U token rows source-faithfully
rog_slovenian_1_0_1_1_manual_prosody,ROG.zip,ROG/ROG-SST/Rog-Go1-Gos166.conllu,37660,766db7bb,7744c8dc58dc2573bde42ea889743fb09f3374dc82c7b4210490a8686ae7ff31,.conllu,YES,parsed all CONLL-U token rows source-faithfully
rog_slovenian_1_0_1_1_manual_prosody,ROG.zip,ROG/ROG-SST/Rog-Go1-Gos168.conllu,19508,a63a01e4,decb3ff6663a443c8e142da95d18c37ef3cd5cddd32a97fc660345e296ab70c0,.conllu,YES,parsed all CONLL-U token rows source-faithfully
rog_slovenian_1_0_1_1_manual_prosody,ROG.zip,ROG/ROG-SST/Rog-Go1-Gos247.conllu,22504,66f18ddd,3a8676f9e635acbab33a6434798c007a59cf88cb0e8b36859b65676ab6cc81fc,.conllu,YES,parsed all CONLL-U token rows source-faithfully
rog_slovenian_1_0_1_1_manual_prosody,ROG.zip,ROG/ROG-SST/Rog-Go1-Gos286.conllu,17144,8e519af4,782a322b412de0fd2b261539e6a8b63c94a60a4a73e39d659e078ac247dab429,.conllu,YES,parsed all CONLL-U token rows source-faithfully
rog_slovenian_1_0_1_1_manual_prosody,ROG.zip,ROG/ROG-SST/Rog-Go1-Gos123.conllu,36143,34e2b8f7,757f363480fe10b4540a8acca068ed92234a2f5d235506da725426a6ef96fd8c,.conllu,YES,parsed all CONLL-U token rows source-faithfully
rog_slovenian_1_0_1_1_manual_prosody,ROG.zip,ROG/ROG-SST/Rog-Go1-Gos248.conllu,15227,a2e22512,6f78e2de1564e2486d91f25d72a206b2396a9e40a6a7dbf28d415641839c24ea,.conllu,YES,parsed all CONLL-U token rows source-faithfully
rog_slovenian_1_0_1_1_manual_prosody,ROG.zip,ROG/ROG-SST/Rog-Go1-Gos196.conllu,14116,e5450d8c,7ce3c088d25a43cdac8b0649f70f969171a745742d9bf04de1345fc02f60b31e,.conllu,YES,parsed all CONLL-U token rows source-faithfully
rog_slovenian_1_0_1_1_manual_prosody,ROG.zip,ROG/ROG-SST/Rog-Go1-Gos080.conllu,3773,989f6e0e,565cc56b652967e9e05e476b38d77ec7ca325d33f6841699d26b1c341741c7fc,.conllu,YES,parsed all CONLL-U token rows source-faithfully
rog_slovenian_1_0_1_1_manual_prosody,ROG.zip,ROG/ROG-SST/Rog-Go1-Gos002.conllu,14094,541e8047,76af25fe47995de84f98237d715714cd39211de027ea6cf621690e47b04ec1bb,.conllu,YES,parsed all CONLL-U token rows source-faithfully
rog_slovenian_1_0_1_1_manual_prosody,ROG.zip,ROG/ROG-SST/Rog-Go1-Gos050.conllu,19478,77f7c4c4,4108c66a2c02a37d4f6f22000b8368d9f9c215690a18e388e908611e75017932,.conllu,YES,parsed all CONLL-U token rows source-faithfully
rog_slovenian_1_0_1_1_manual_prosody,ROG.zip,ROG/ROG-SST/Rog-Art-J-Gvecg-P500001.conllu,172760,4c910396,dbd38d2b609100fde94be1a7ced5482e6e935f913b2583a3348f55c77908339d,.conllu,YES,parsed all CONLL-U token rows source-faithfully
rog_slovenian_1_0_1_1_manual_prosody,ROG.zip,ROG/ROG-SST/Rog-Art-N-G5019-P600012.conllu,43971,666eb590,c3e8167f37320909353b097a4679c567f3a99d4280704aef2f5dcb60fc1f90ac,.conllu,YES,parsed all CONLL-U token rows source-faithfully
rog_slovenian_1_0_1_1_manual_prosody,ROG.zip,ROG/ROG-SST/Rog-Go2-Gos228.conllu,77664,650dd896,955e092c2f0c114204192e7ae937599630b57c7c5d8c84cb7189570ebd0b8b79,.conllu,YES,parsed all CONLL-U token rows source-faithfully
rog_slovenian_1_0_1_1_manual_prosody,ROG.zip,ROG/ROG-SST/Rog-Art-P-G7036-P701111.conllu,154563,48110af9,8fadc56a1b30d60548ebc86fc68cc522b073bc7e9131fdf2f526948c71f84af2,.conllu,YES,parsed all CONLL-U token rows source-faithfully
rog_slovenian_1_0_1_1_manual_prosody,ROG.zip,ROG/ROG-SST/Rog-Go1-Gos270.conllu,8200,1a100587,c117be65fb23af75248f8fce9f50762f1950c128a4b9a51133252942402230be,.conllu,YES,parsed all CONLL-U token rows source-faithfully
rog_slovenian_1_0_1_1_manual_prosody,ROG.zip,ROG/ROG-SST/Rog-Go1-Gos015.conllu,14634,5a750ef2,2ed414efccb2a39a19c7ce808bc1920e7ba54eef2c57bde7793aa98072a0efab,.conllu,YES,parsed all CONLL-U token rows source-faithfully
rog_slovenian_1_0_1_1_manual_prosody,ROG.zip,ROG/ROG-SST/Rog-Art-N-G5014-P600007.conllu,94886,faa48309,781245dcdf2981f569d5b3e7e435c3388b48d663ad975491b838ec66315680df,.conllu,YES,parsed all CONLL-U token rows source-faithfully
rog_slovenian_1_0_1_1_manual_prosody,ROG.zip,ROG/ROG-SST/Rog-Go1-Gos048.conllu,10962,ed1f4ac5,06728bb44a7388c67d217afac30d574d4f76823c6334142cd5469db3b295e788,.conllu,YES,parsed all CONLL-U token rows source-faithfully
rog_slovenian_1_0_1_1_manual_prosody,ROG.zip,ROG/ROG-SST/Rog-Go1-Gos071.conllu,6677,f10adb02,d1df257308a18fbe0bdaca24baf131a0af4b44bec13dc1112be856db8a7078a9,.conllu,YES,parsed all CONLL-U token rows source-faithfully
rog_slovenian_1_0_1_1_manual_prosody,ROG.zip,ROG/ROG-SST/Rog-Go2-Gos280.conllu,88208,84f0d184,883613329e5370e4855a88a11c962fa8eb071fe4c6c38f41ac53a52f96aee2c2,.conllu,YES,parsed all CONLL-U token rows source-faithfully
rog_slovenian_1_0_1_1_manual_prosody,ROG.zip,ROG/ROG-SST/Rog-Go1-Gos038.conllu,25166,766026b6,7ffc1d5bc8ff67e67d5bdc102de5f8d31507f8da93347fe7728ec7d8c28490ad,.conllu,YES,parsed all CONLL-U token rows source-faithfully
rog_slovenian_1_0_1_1_manual_prosody,ROG.zip,ROG/ROG-SST/Rog-Go1-Gos024.conllu,7000,ac59fd84,ca90fd2c1c3028adcc1c2cc4c3e153d9687f57dce739d8ee950b76a6e575c3de,.conllu,YES,parsed all CONLL-U token rows source-faithfully
rog_slovenian_1_0_1_1_manual_prosody,ROG.zip,ROG/ROG-SST/Rog-Go2-Gos183.conllu,75369,0328e582,e47165f7d8cab4d1459b5573b7c8bf1bdf051b9f7c066caf13f3b841f3397751,.conllu,YES,parsed all CONLL-U token rows source-faithfully
rog_slovenian_1_0_1_1_manual_prosody,ROG.zip,ROG/ROG-SST/Rog-Art-N-G6031-P603102.conllu,160754,9c9e4193,f99155a7c373bd4c36cc8b60cfa0675ed917bb45535b76d8ccc8b8fb04657cb5,.conllu,YES,parsed all CONLL-U token rows source-faithfully
rog_slovenian_1_0_1_1_manual_prosody,ROG.zip,ROG/ROG-SST/Rog-Art-J-Gvecg-P580009.conllu,183422,3f42c65b,ec41e2da226bfaa98c2916cb5c2bc6d4d0e71a03ef4203b331c1d153afb12555,.conllu,YES,parsed all CONLL-U token rows source-faithfully
rog_slovenian_1_0_1_1_manual_prosody,ROG.zip,ROG/ROG-SST/Rog-Go1-Gos052.conllu,12205,c1699549,6a216f269f0add4bcd7e228ed1261a2c09f95dca780b5c156370d6d1cfe0493c,.conllu,YES,parsed all CONLL-U token rows source-faithfully
rog_slovenian_1_0_1_1_manual_prosody,ROG.zip,ROG/ROG-SST/Rog-Go1-Gos242.conllu,19483,d5350064,596e971c6877477df6cff9ce45eefc382d26890992fa199c8a1f61b9a3497a8b,.conllu,YES,parsed all CONLL-U token rows source-faithfully
rog_slovenian_1_0_1_1_manual_prosody,ROG.zip,ROG/ROG-SST/Rog-Go1-Gos218.conllu,21585,d2ad5ce2,35c88a39a723d9c10d817a478c9233abc4b768e104af8d90b86328a547ee4982,.conllu,YES,parsed all CONLL-U token rows source-faithfully
rog_slovenian_1_0_1_1_manual_prosody,ROG.zip,ROG/ROG-SST/Rog-Go1-Gos259.conllu,12687,b27daa43,a27505bd225c2561d98e8bf74e550e37517971ea7719443f8d76b7a65df106e2,.conllu,YES,parsed all CONLL-U token rows source-faithfully
rog_slovenian_1_0_1_1_manual_prosody,ROG.zip,ROG/ROG-SST/Rog-Go1-Gos044.conllu,5743,991aa86d,8a0eaa62dd95a73f73a2e33802b85abb22352ae474bf7699099dfc47ba375672,.conllu,YES,parsed all CONLL-U token rows source-faithfully
rog_slovenian_1_0_1_1_manual_prosody,ROG.zip,ROG/ROG-SST/Rog-Go1-Gos112.conllu,2358,e9adde04,b56453aa196adc9c3096cec9d093015ac556493e0aafad90fd63c12ca4856ffb,.conllu,YES,parsed all CONLL-U token rows source-faithfully
rog_slovenian_1_0_1_1_manual_prosody,ROG.zip,ROG/ROG-SST/Rog-Art-J-Gvecg-P500063.conllu,192138,5721a34f,2d597021ad4e28887f10de6cedc38e2769d29d4f4e9f6ec8d20b1c96c426c8c4,.conllu,YES,parsed all CONLL-U token rows source-faithfully
rog_slovenian_1_0_1_1_manual_prosody,ROG.zip,ROG/ROG-SST/Rog-Go1-Gos165.conllu,32996,45eb4b46,7808c9e14f846c38e1d025ba2a4e777458edbbf9084e28a096c0a8521f161954,.conllu,YES,parsed all CONLL-U token rows source-faithfully
rog_slovenian_1_0_1_1_manual_prosody,ROG.zip,ROG/ROG-SST/Rog-Go1-Gos043.conllu,17535,8cec4929,46bbad246be64bbb45dd5a8af256515a0848932d9abe39fa6b03d497a95f4395,.conllu,YES,parsed all CONLL-U token rows source-faithfully
rog_slovenian_1_0_1_1_manual_prosody,ROG.zip,ROG/ROG-SST/Rog-Go1-Gos105.conllu,802,7b729b70,0e7432c63051f8cada88a60e31ce3960c8a6b11e8836213b92bf4f98fb080335,.conllu,YES,parsed all CONLL-U token rows source-faithfully
rog_slovenian_1_0_1_1_manual_prosody,ROG.zip,ROG/ROG-SST/Rog-Go1-Gos172.conllu,16258,41b46917,0487cad6fbbe42bb007292f53b17b45db64df4db973d843fceab9690d2cc3467,.conllu,YES,parsed all CONLL-U token rows source-faithfully
rog_slovenian_1_0_1_1_manual_prosody,ROG.zip,ROG/ROG-SST/Rog-Go1-Gos049.conllu,12588,a8f02388,98d85469d8a0f3f48e489d5c3bf6f1061843168b1f5207c2bcbb13189033bda1,.conllu,YES,parsed all CONLL-U token rows source-faithfully
rog_slovenian_1_0_1_1_manual_prosody,ROG.zip,ROG/ROG-SST/Rog-Go1-Gos127.conllu,9612,3a2ade93,239715282e894c0c5af9cbe0910f8f7328e726c72e9a5bdc943674eea389eb6f,.conllu,YES,parsed all CONLL-U token rows source-faithfully
rog_slovenian_1_0_1_1_manual_prosody,ROG.zip,ROG/ROG-SST/Rog-Art-N-G6083-P608301.conllu,147183,1d1776e5,b11a3b4b283713144e820f1d176c55cd69db3af8df59b20d394da2cc90831e55,.conllu,YES,parsed all CONLL-U token rows source-faithfully
rog_slovenian_1_0_1_1_manual_prosody,ROG.zip,ROG/ROG-SST/Rog-Art-J-Gvecg-P500028.conllu,182810,88538148,ee4d5dd6d6f9d1a6655786dd84a5f224ad42324d4ad584d9da05f03c3e708cc3,.conllu,YES,parsed all CONLL-U token rows source-faithfully
rog_slovenian_1_0_1_1_manual_prosody,ROG.zip,ROG/ROG-SST/Rog-Go1-Gos162.conllu,21481,2ad5a35e,3c534ad3b12c847028da2c05307cef66a7691012bf4f11a851e029b5f0e29d1d,.conllu,YES,parsed all CONLL-U token rows source-faithfully
rog_slovenian_1_0_1_1_manual_prosody,ROG.zip,ROG/ROG-SST/Rog-Go1-Gos245.conllu,18949,127da719,56af711eda99742b4f64383a6bf8b4244521bec5dc094c03bb94d0794b6bdb6f,.conllu,YES,parsed all CONLL-U token rows source-faithfully
rog_slovenian_1_0_1_1_manual_prosody,ROG.zip,ROG/ROG-SST/Rog-Go1-Gos149.conllu,13387,8e017b36,e2c649b9d53851a5a69b9aa889b454e5b4ed06a8ae9974c994b31e6ec043af9a,.conllu,YES,parsed all CONLL-U token rows source-faithfully
rog_slovenian_1_0_1_1_manual_prosody,ROG.zip,ROG/ROG-SST/Rog-Go1-Gos008.conllu,10157,e192d033,70f24d158e9e86b2d3890d57a8756afa6dc8d3577346f7ea869ebca1c3541c33,.conllu,YES,parsed all CONLL-U token rows source-faithfully
rog_slovenian_1_0_1_1_manual_prosody,ROG.zip,ROG/ROG-SST/Rog-Art-N-G6043-P604301.conllu,157809,1785589f,ea251efb500a778842d3224abac600d16002c20c9f26bb20b8f4825ad4de405e,.conllu,YES,parsed all CONLL-U token rows source-faithfully
rog_slovenian_1_0_1_1_manual_prosody,ROG.zip,ROG/ROG-SST/Rog-Go1-Gos249.conllu,33646,c33cbd4b,61a5eb1c6a31de1149f0cd32dcf88d332a95e03dde1c5eb976dff82abba764d4,.conllu,YES,parsed all CONLL-U token rows source-faithfully
rog_slovenian_1_0_1_1_manual_prosody,ROG.zip,ROG/ROG-SST/Rog-Go1-Gos276.conllu,8461,417a4e2c,79cc56182e4d5e2d13f89156520cc535b600700236f36567c911aa407ff9e082,.conllu,YES,parsed all CONLL-U token rows source-faithfully
rog_slovenian_1_0_1_1_manual_prosody,ROG.zip,ROG/ROG-SST/Rog-Go1-Gos135.conllu,40695,4c8b790f,9a58b0ebcdacc45c373cae0bfe65423074a2f302b5826915b210ff5d48f6b9a0,.conllu,YES,parsed all CONLL-U token rows source-faithfully
rog_slovenian_1_0_1_1_manual_prosody,ROG.zip,ROG/ROG-SST/Rog-Go1-Gos076.conllu,1446,5d74f46d,0862cf5f871f19374467fcdfd4e4ddcefeebb85aafdd6ba3d32ea6e6dc6c0539,.conllu,YES,parsed all CONLL-U token rows source-faithfully
rog_slovenian_1_0_1_1_manual_prosody,ROG.zip,ROG/ROG-SST/Rog-Go1-Gos004.conllu,21978,6cf8fba5,aa780ee1fec400d88538fff642b4631e46176d4a87895b5d20079519a0b271d7,.conllu,YES,parsed all CONLL-U token rows source-faithfully
rog_slovenian_1_0_1_1_manual_prosody,ROG.zip,ROG/ROG-SST/Rog-Go1-Gos210.conllu,2513,7323febd,b39317c5dcf605e120413bbb28b8eb12e31ec9f3c0233706d5340136c354f1dc,.conllu,YES,parsed all CONLL-U token rows source-faithfully
rog_slovenian_1_0_1_1_manual_prosody,ROG.zip,ROG/ROG-SST/Rog-Go1-Gos226.conllu,19611,4762cc58,35f832465d09b96456fbc73ae5b7a6b7b5f5de9a2246de7f87bbd0925bf22ca2,.conllu,YES,parsed all CONLL-U token rows source-faithfully
rog_slovenian_1_0_1_1_manual_prosody,ROG.zip,ROG/ROG-SST/Rog-Go1-Gos086.conllu,3042,489c29b1,5c73cd16f99abb1ff63e7b30e1e8ee2df78e28e3cbdecb8cf94d514e065226da,.conllu,YES,parsed all CONLL-U token rows source-faithfully
rog_slovenian_1_0_1_1_manual_prosody,ROG.zip,ROG/ROG-SST/Rog-Go1-Gos202.conllu,5319,6c91c3a3,02babfb98c5961be7d7a2497b23f9ecfe78be2d61667a95f189242075c2a4996,.conllu,YES,parsed all CONLL-U token rows source-faithfully
rog_slovenian_1_0_1_1_manual_prosody,ROG.zip,ROG/ROG-SST/Rog-Go1-Gos025.conllu,6902,751995e7,5372ab74372317adfda792f25f4de7dab6484c459a94628b93bb94c27fdc7ced,.conllu,YES,parsed all CONLL-U token rows source-faithfully
rog_slovenian_1_0_1_1_manual_prosody,ROG.zip,ROG/ROG-SST/Rog-Go1-Gos051.conllu,20010,6e3e4eeb,cf36da162962041273bd350b887a9067d97cfa875d50656bdb750a40251d41f7,.conllu,YES,parsed all CONLL-U token rows source-faithfully
rog_slovenian_1_0_1_1_manual_prosody,ROG.zip,ROG/ROG-SST/Rog-Go1-Gos184.conllu,13291,3afd2031,5d7a05bd147bf5cd7ee5716be5a090bea78d0081e70ca46413aab3ef11a5b036,.conllu,YES,parsed all CONLL-U token rows source-faithfully
rog_slovenian_1_0_1_1_manual_prosody,ROG.zip,ROG/ROG-SST/Rog-Go1-Gos230.conllu,12732,e18cf35b,834f89b86c3ca61ece963dd5468ac346e2d7bafe8fda4d05dcdba00f7b1e8947,.conllu,YES,parsed all CONLL-U token rows source-faithfully
rog_slovenian_1_0_1_1_manual_prosody,ROG.zip,ROG/ROG-SST/Rog-Art-J-Gvecg-P500034.conllu,170638,e785aa62,dec793f61971ea08be2c695217e97cb8142bb33ac7f59340d05a888fb7cb47da,.conllu,YES,parsed all CONLL-U token rows source-faithfully
rog_slovenian_1_0_1_1_manual_prosody,ROG.zip,ROG/ROG-SST/Rog-Go1-Gos027.conllu,8024,631b0081,d493489fc025a3e37bd8c356be2453dd4fa342b1290e9a28d4c7289819b99988,.conllu,YES,parsed all CONLL-U token rows source-faithfully
rog_slovenian_1_0_1_1_manual_prosody,ROG.zip,ROG/ROG-SST/Rog-Go1-Gos255.conllu,25551,9cd9b5ff,fbf27cbb93b988b96e7dbad7386647f980b627eb3344f226cc785e068e0f927b,.conllu,YES,parsed all CONLL-U token rows source-faithfully
rog_slovenian_1_0_1_1_manual_prosody,ROG.zip,ROG/ROG-SST/Rog-Art-N-G6012-P601201.conllu,162501,42a019d5,015bc35e3a389ea000a749ecb570f378cc474e14e692d2a6b076f1d957e71bb2,.conllu,YES,parsed all CONLL-U token rows source-faithfully
rog_slovenian_1_0_1_1_manual_prosody,ROG.zip,ROG/ROG-SST/Rog-Go1-Gos077.conllu,4216,819f423b,3aa87830611aaf7e9c09383030c12549268969ab12e3453ca6f350e5b0045c4e,.conllu,YES,parsed all CONLL-U token rows source-faithfully
rog_slovenian_1_0_1_1_manual_prosody,ROG.zip,ROG/ROG-SST/Rog-Go1-Gos273.conllu,22791,0058fa2e,151a35d62ba8ec8db8406d0f453ca0d91f3d751d63b0a95cd5398027076f1753,.conllu,YES,parsed all CONLL-U token rows source-faithfully
rog_slovenian_1_0_1_1_manual_prosody,ROG.zip,ROG/ROG-SST/Rog-Go1-Gos148.conllu,8871,1454a4cc,0b45897c04fad25a57fa675c68814d28659bea142e48b3e7a7c83e55e74ffc51,.conllu,YES,parsed all CONLL-U token rows source-faithfully
rog_slovenian_1_0_1_1_manual_prosody,ROG.zip,ROG/ROG-SST/Rog-Art-N-G5025-P600022.conllu,107503,8bdd132f,f4dce1214ee03fabc09608386b77d4aa183b0610cbbdb614345963adb252bd7a,.conllu,YES,parsed all CONLL-U token rows source-faithfully
rog_slovenian_1_0_1_1_manual_prosody,ROG.zip,ROG/ROG-SST/Rog-Go1-Gos085.conllu,2071,234febe8,47b661687c514d0701ed4089b702de51a680ef6867992865981e92a1d39b5aa6,.conllu,YES,parsed all CONLL-U token rows source-faithfully
rog_slovenian_1_0_1_1_manual_prosody,ROG.zip,ROG/ROG-SST/Rog-Go1-Gos032.conllu,11298,6b3dd0cb,1415e11c258f12dcc00ff64045ce61b6461283e9806e7d363b9298a74c4ed4cf,.conllu,YES,parsed all CONLL-U token rows source-faithfully
rog_slovenian_1_0_1_1_manual_prosody,ROG.zip,ROG/ROG-SST/Rog-Go1-Gos175.conllu,18360,db386d7e,eaee7fed92cbad27e04f505db113c4addf8a6b73915e11877d977e6e1339ab9d,.conllu,YES,parsed all CONLL-U token rows source-faithfully
rog_slovenian_1_0_1_1_manual_prosody,ROG.zip,ROG/ROG-SST/Rog-Go1-Gos110.conllu,4166,097a9065,905badec37664339b7cc7ea42f56b3e5b218a148681711b93249dd34ad472765,.conllu,YES,parsed all CONLL-U token rows source-faithfully
rog_slovenian_1_0_1_1_manual_prosody,ROG.zip,ROG/ROG-SST/Rog-Go2-Gos182.conllu,78881,7fbdbc8a,bcd83930ee30e1fd65ab906e69f20b0acba691f535408b61cc8ad7dcd82ce87e,.conllu,YES,parsed all CONLL-U token rows source-faithfully
rog_slovenian_1_0_1_1_manual_prosody,ROG.zip,ROG/ROG-SST/Rog-Go1-Gos158.conllu,26149,ef74ce3c,28423e3892efbf585671baaea5de369b6834c0acf2c6a82a48bac3c935fcddd7,.conllu,YES,parsed all CONLL-U token rows source-faithfully
rog_slovenian_1_0_1_1_manual_prosody,ROG.zip,ROG/ROG-SST/Rog-Go1-Gos176.conllu,40313,28af95e3,457d06dea3307637e46ab59ad3d39f78586c6d221172e770cd19f94e111dfa24,.conllu,YES,parsed all CONLL-U token rows source-faithfully
rog_slovenian_1_0_1_1_manual_prosody,ROG.zip,ROG/ROG-SST/Rog-Go1-Gos014.conllu,21769,9fce2431,556b08f7ea6cbd25fb903a61812b6c4a3e0f2fc73626320708fdc11c04737f21,.conllu,YES,parsed all CONLL-U token rows source-faithfully
rog_slovenian_1_0_1_1_manual_prosody,ROG.zip,ROG/ROG-SST/Rog-Art-J-Gvecg-P500051.conllu,177874,690af26f,4b892858a8c5ad22edb6a010ba677a0c51b81e3adb6512fd21da94281ec7518a,.conllu,YES,parsed all CONLL-U token rows source-faithfully
rog_slovenian_1_0_1_1_manual_prosody,ROG.zip,ROG/ROG-SST/Rog-Go1-Gos041.conllu,16451,cd6bc89c,34ff81b57ecfec004c5c2199c118a010e3e934a7ec5bf830926c8822b48b05a1,.conllu,YES,parsed all CONLL-U token rows source-faithfully
rog_slovenian_1_0_1_1_manual_prosody,ROG.zip,ROG/ROG-SST/Rog-Go1-Gos253.conllu,14197,31036142,2ff91672ab2df56c6c1b47b20285702eed3faaa0cacde1b9c8c1c671e90b133b,.conllu,YES,parsed all CONLL-U token rows source-faithfully
rog_slovenian_1_0_1_1_manual_prosody,ROG.zip,ROG/ROG-SST/Rog-Go1-Gos029.conllu,8181,af9f03e4,fbb53deb09bc3269a7f86128c01029c48c8ab1460b9ebe83daec0fec9e371c2d,.conllu,YES,parsed all CONLL-U token rows source-faithfully
rog_slovenian_1_0_1_1_manual_prosody,ROG.zip,ROG/ROG-SST/Rog-Go1-Gos147.conllu,10377,1dcbf980,8c64d4f177daa060992a6d6d14533edda8666a385fa07e497d0892084ce85a52,.conllu,YES,parsed all CONLL-U token rows source-faithfully
rog_slovenian_1_0_1_1_manual_prosody,ROG.zip,ROG/ROG-SST/Rog-Art-N-G5013-P600007.conllu,114509,1ab264bd,c1d393e722966ac2185cda11703554319c909d356bdac1f75f27e2768cee0da7,.conllu,YES,parsed all CONLL-U token rows source-faithfully
rog_slovenian_1_0_1_1_manual_prosody,ROG.zip,ROG/ROG-SST/Rog-Go1-Gos131.conllu,12114,a44f3ad2,4a52d42e246a0403279c9bff5d96bf1cea3a19332ec702ddb7fa3ebe1bfbeb17,.conllu,YES,parsed all CONLL-U token rows source-faithfully
rog_slovenian_1_0_1_1_manual_prosody,ROG.zip,ROG/ROG-SST/Rog-Go1-Gos013.conllu,21951,02699ff1,3a30b9a6355c4441cafaeaca4104a504e19cc234cde60858a4c62e4705e05e07,.conllu,YES,parsed all CONLL-U token rows source-faithfully
rog_slovenian_1_0_1_1_manual_prosody,ROG.zip,ROG/ROG-SST/Rog-Go1-Gos146.conllu,21820,0a100d82,2611390b46a07b4f8c61bd92401391d9aa58f39039b8672f134ce092629d2032,.conllu,YES,parsed all CONLL-U token rows source-faithfully
rog_slovenian_1_0_1_1_manual_prosody,ROG.zip,ROG/ROG-SST/Rog-Go1-Gos064.conllu,4258,72bb1a24,520a146109c7325a52cd21901bfa80bc2c49ff6586b32ca2599d3b62cc6549d7,.conllu,YES,parsed all CONLL-U token rows source-faithfully
rog_slovenian_1_0_1_1_manual_prosody,ROG.zip,ROG/ROG-SST/Rog-Go1-Gos185.conllu,17036,ba698029,a86090ac7f1861421795d83e9459a04763d5f3011e8f528e608e85429fdfd186,.conllu,YES,parsed all CONLL-U token rows source-faithfully
rog_slovenian_1_0_1_1_manual_prosody,ROG.zip,ROG/ROG-SST/Rog-Go1-Gos141.conllu,23090,ea2def96,0983dd475bd6b03cf3f12fd97270761e482e077e28dd83a7491d97899789e70b,.conllu,YES,parsed all CONLL-U token rows source-faithfully
rog_slovenian_1_0_1_1_manual_prosody,ROG.zip,ROG/ROG-SST/Rog-Art-N-G6001-P600102.conllu,148153,f5dd8f19,5d1bd150ea5b0e89b793b1b70956643deb5b2921b22d941a5619e2a71890470d,.conllu,YES,parsed all CONLL-U token rows source-faithfully
rog_slovenian_1_0_1_1_manual_prosody,ROG.zip,ROG/ROG-SST/Rog-Go1-Gos179.conllu,23182,221ce0a7,208ce10f35b480a1621e88e2a1909dc62146e8c66156cb9ae46b84a2a1a82a35,.conllu,YES,parsed all CONLL-U token rows source-faithfully
rog_slovenian_1_0_1_1_manual_prosody,ROG.zip,ROG/ROG-SST/Rog-Go1-Gos132.conllu,9600,13ba1200,34ffb996ab5b437cc3026ef60cd6ad438dfc0507d94c7592613b7b44dbb64746,.conllu,YES,parsed all CONLL-U token rows source-faithfully
rog_slovenian_1_0_1_1_manual_prosody,ROG.zip,ROG/ROG-SST/Rog-Go2-Gos200.conllu,66386,2613cdff,40868a4c60f50eead98a301a2c170ab6739223013a26f1534a35cd550410527a,.conllu,YES,parsed all CONLL-U token rows source-faithfully
rog_slovenian_1_0_1_1_manual_prosody,ROG.zip,ROG/ROG-SST/Rog-Go1-Gos287.conllu,14905,f946d0e3,f98ff2ef768c7f44c5a505adc70d98228ce890afa4bc0e9ab791a1357196b5c6,.conllu,YES,parsed all CONLL-U token rows source-faithfully
rog_slovenian_1_0_1_1_manual_prosody,ROG.zip,ROG/ROG-SST/Rog-Go1-Gos213.conllu,5208,c0cbaaa5,85ae9c4b9e3c4a5d3555d4ab54799e5ea7265afaac3e2a519c2ee47410b6d4b3,.conllu,YES,parsed all CONLL-U token rows source-faithfully
rog_slovenian_1_0_1_1_manual_prosody,ROG.zip,ROG/ROG-SST/Rog-Go1-Gos204.conllu,10690,04bbe1cc,5d6a71a641a191e142de46fd064b21a4ea6087751e02028aa4fcc9fdd4a20bc6,.conllu,YES,parsed all CONLL-U token rows source-faithfully
rog_slovenian_1_0_1_1_manual_prosody,ROG.zip,ROG/ROG-SST/Rog-Go2-Gos254.conllu,93013,337e9d65,3214703aab5db462bf7d4395f9262e8fb39ac3ccaaa9be926f015835ebe722fc,.conllu,YES,parsed all CONLL-U token rows source-faithfully
rog_slovenian_1_0_1_1_manual_prosody,ROG.zip,ROG/ROG-SST/Rog-Go1-Gos282.conllu,13797,a7f485bc,a92350eeccf164d7cd1805967e81333eb5c7226c88a7c15cf62d4c5afc27038e,.conllu,YES,parsed all CONLL-U token rows source-faithfully
rog_slovenian_1_0_1_1_manual_prosody,ROG.zip,ROG/ROG-SST/Rog-Go1-Gos093.conllu,2700,a3d22dde,1d59e1952c3b0e7ba9b3538ce4340b1c61b3abf9482e3b1ea0d7ac76ed811512,.conllu,YES,parsed all CONLL-U token rows source-faithfully
rog_slovenian_1_0_1_1_manual_prosody,ROG.zip,ROG/ROG-SST/Rog-Go1-Gos140.conllu,11495,fb20bdda,c2b5315d4789e333d9a6bd7365e30eebdc94b2c3cae43de680266e279ce10f75,.conllu,YES,parsed all CONLL-U token rows source-faithfully
rog_slovenian_1_0_1_1_manual_prosody,ROG.zip,ROG/ROG-SST/Rog-Art-N-G5035-P600034.conllu,111103,7dd79afe,659e2c6afc238d23f37487bae718801f37b4a458ff683a1b655575b7a73ab1fc,.conllu,YES,parsed all CONLL-U token rows source-faithfully
rog_slovenian_1_0_1_1_manual_prosody,ROG.zip,ROG/ROG-SST/Rog-Go1-Gos073.conllu,42226,af519780,7decc3f2d5bfdf17ebaad63ca291ed68ba0af196e5561857af8504089e00beab,.conllu,YES,parsed all CONLL-U token rows source-faithfully
rog_slovenian_1_0_1_1_manual_prosody,ROG.zip,ROG/ROG-SST/Rog-Go1-Gos087.conllu,2891,9673f578,57ccf3992be1c1ed06f99a98ef648f7074cb36f4a9a104fee8994529f379beb8,.conllu,YES,parsed all CONLL-U token rows source-faithfully
rog_slovenian_1_0_1_1_manual_prosody,ROG.zip,ROG/ROG-SST/Rog-Go1-Gos115.conllu,7515,7d83ebaa,2b6107852b9f029e3e5026c78bcdda2a777c7f90e5d793de898c2d7ef3b2cbbc,.conllu,YES,parsed all CONLL-U token rows source-faithfully
rog_slovenian_1_0_1_1_manual_prosody,ROG.zip,ROG/ROG-SST/Rog-Go1-Gos169.conllu,21328,fefc887e,812d63385dff9f2534693bba34b0bc751b0f550b30f66a220686ab374aa7e046,.conllu,YES,parsed all CONLL-U token rows source-faithfully
rog_slovenian_1_0_1_1_manual_prosody,ROG.zip,ROG/ROG-SST/Rog-Go1-Gos256.conllu,20362,0dc711ee,4231e4138927adced24645f621e9f98e5894af1b5c709ff588b0cccb76430fea,.conllu,YES,parsed all CONLL-U token rows source-faithfully
rog_slovenian_1_0_1_1_manual_prosody,ROG.zip,ROG/ROG-SST/Rog-Go1-Gos069.conllu,5254,1795cea6,8c918e982401346c71ecb02aa47da0177240a1a0c6252e8fa9b64dd9cb5fc996,.conllu,YES,parsed all CONLL-U token rows source-faithfully
rog_slovenian_1_0_1_1_manual_prosody,ROG.zip,ROG/ROG-SST/Rog-Go1-Gos070.conllu,3467,0f858234,c608eea7c5cf2b52732f9155fa44fe4bff3933854fd35e800699234385673a6c,.conllu,YES,parsed all CONLL-U token rows source-faithfully
rog_slovenian_1_0_1_1_manual_prosody,ROG.zip,ROG/ROG-SST/Rog-Go1-Gos018.conllu,13138,eea8bd58,f49d5a4d96e9c878083afdf2b5c07485ecac2ae65c3dbfd8d9b95342f15eef09,.conllu,YES,parsed all CONLL-U token rows source-faithfully
rog_slovenian_1_0_1_1_manual_prosody,ROG.zip,ROG/ROG-SST/Rog-Go2-Gos264.conllu,73204,42a734fd,cf1f5bd15cf3257b8bb768e8b1ffdaaa955f002a1e2b4c8977331170acdb543f,.conllu,YES,parsed all CONLL-U token rows source-faithfully
rog_slovenian_1_0_1_1_manual_prosody,ROG.zip,ROG/ROG-SST/Rog-Go1-Gos016.conllu,14329,e866f8eb,104c039ce7ff7b9fa33b709bf43941756afa4f991299b79dd8f82daad1e101ba,.conllu,YES,parsed all CONLL-U token rows source-faithfully
rog_slovenian_1_0_1_1_manual_prosody,ROG.zip,ROG/ROG-SST/Rog-Art-J-Gvecg-P500016.conllu,180628,81bb2512,08e5f7dd98a36036e5c3862bfd13854a33f53ae4aea74503dd10129dc1b1a2e7,.conllu,YES,parsed all CONLL-U token rows source-faithfully
rog_slovenian_1_0_1_1_manual_prosody,ROG.zip,ROG/ROG-SST/Rog-Go1-Gos034.conllu,5233,688e5b54,2072500ebb618953f85d498b335c2819a8025703dff1d31657622a14c7094cd1,.conllu,YES,parsed all CONLL-U token rows source-faithfully
rog_slovenian_1_0_1_1_manual_prosody,ROG.zip,ROG/ROG-SST/Rog-Go1-Gos250.conllu,13829,39297e63,efc02433932e9c6b8dbccdf90197dadc90bbe33d34c41ec15970a0e0b9bad5b9,.conllu,YES,parsed all CONLL-U token rows source-faithfully
rog_slovenian_1_0_1_1_manual_prosody,ROG.zip,ROG/ROG-SST/Rog-Go2-Gos220.conllu,70699,b55a311c,9eaf5dae65a20951f5efa63e1bfeb505405f12e6f675df1ef363492d22664cda,.conllu,YES,parsed all CONLL-U token rows source-faithfully
rog_slovenian_1_0_1_1_manual_prosody,ROG.zip,ROG/ROG-SST/Rog-Go2-Gos167.conllu,90957,b728f96e,48d3ef4dbd65927f03e8b54899741fd10e305882efa269377d5940d44f44e19e,.conllu,YES,parsed all CONLL-U token rows source-faithfully
rog_slovenian_1_0_1_1_manual_prosody,ROG.zip,ROG/ROG-SST/Rog-Go2-Gos257.conllu,85710,ed17a803,3ef0dc74c51a1569b47411af5ebf20cb2eac934667e09bc849380b9ac6c55329,.conllu,YES,parsed all CONLL-U token rows source-faithfully
rog_slovenian_1_0_1_1_manual_prosody,ROG.zip,ROG/ROG-SST/Rog-Go1-Gos058.conllu,17288,303a610b,8b91188992903bab42257fed54e0204dbd11d325074f47912cc4401b5ea2e9bc,.conllu,YES,parsed all CONLL-U token rows source-faithfully
rog_slovenian_1_0_1_1_manual_prosody,ROG.zip,ROG/ROG-SST/Rog-Go1-Gos128.conllu,8814,84df169a,03a489b9320559603840c0ee38fbec6f27c7bde85683cd416c994ff1ebacc53e,.conllu,YES,parsed all CONLL-U token rows source-faithfully
rog_slovenian_1_0_1_1_manual_prosody,ROG.zip,ROG/ROG-SST/Rog-Go1-Gos081.conllu,1393,905d28d7,c5a718197f4e69cb9e536bfb541abeca1e6ae6cea660a552011a729081020b75,.conllu,YES,parsed all CONLL-U token rows source-faithfully
rog_slovenian_1_0_1_1_manual_prosody,ROG.zip,ROG/ROG-SST/Rog-Go1-Gos036.conllu,8571,9a645e35,8124ca78f191228420ccf454f70fbbc6cf0dddbd93b44f4aef4d596d5d19f4f7,.conllu,YES,parsed all CONLL-U token rows source-faithfully
rog_slovenian_1_0_1_1_manual_prosody,ROG.zip,ROG/ROG-SST/Rog-Go1-Gos022.conllu,13682,d0615018,00c744108043c1e410511fe6977e5aa600c27e436d2dd990ec851dc0185fbe06,.conllu,YES,parsed all CONLL-U token rows source-faithfully
rog_slovenian_1_0_1_1_manual_prosody,ROG.zip,ROG/ROG-SST/Rog-Go1-Gos241.conllu,18267,5a274bd9,c14152fd068ff5176801d39c4ccdfbaa630fd966b8416d9ea9991bc0ad625339,.conllu,YES,parsed all CONLL-U token rows source-faithfully
rog_slovenian_1_0_1_1_manual_prosody,ROG.zip,ROG/ROG-SST/Rog-Art-N-G5053-P600052.conllu,132185,c4fced7b,b4fdbf4a8b9c2d740941bc7f4d75909fcf28e377554d311087b29dc9c767e919,.conllu,YES,parsed all CONLL-U token rows source-faithfully
rog_slovenian_1_0_1_1_manual_prosody,ROG.zip,ROG/ROG-SST/Rog-Go1-Gos274.conllu,4410,f3a01a48,67be50b9e28d9a2dc85c3347e7f5ae8398fa4be87d55f64be8d17bd8f3fa5926,.conllu,YES,parsed all CONLL-U token rows source-faithfully
rog_slovenian_1_0_1_1_manual_prosody,ROG.zip,ROG/ROG-SST/Rog-Art-N-G5054-P600052.conllu,122762,87778ffd,93631a4e2d40ddacb9ce832908caf275a2caf30ac1cece1bbdbb1f65541c08ca,.conllu,YES,parsed all CONLL-U token rows source-faithfully
rog_slovenian_1_0_1_1_manual_prosody,ROG.zip,ROG/ROG-SST/Rog-Go1-Gos033.conllu,14288,196114fd,436ea8e550465f00ea0414a5916d059a86d0ab5bdc7a27f948d4f4b9a2e0e7b0,.conllu,YES,parsed all CONLL-U token rows source-faithfully
rog_slovenian_1_0_1_1_manual_prosody,ROG.zip,ROG/ROG-SST/Rog-Go1-Gos222.conllu,19533,86d9481d,71094b2a91733b966d3d1a9635a5939476b83a54c60ffc694a97c2d87a8d4761,.conllu,YES,parsed all CONLL-U token rows source-faithfully
rog_slovenian_1_0_1_1_manual_prosody,ROG.zip,ROG/ROG-SST/Rog-Go1-Gos195.conllu,24960,78932451,f8f57e688c9990245e08db40dcc0ca6a5d1f2e18eddba7b1e02d9cd54215183d,.conllu,YES,parsed all CONLL-U token rows source-faithfully
rog_slovenian_1_0_1_1_manual_prosody,ROG.zip,ROG/ROG-SST/Rog-Go1-Gos047.conllu,16785,20373055,fcf4a239fd5e6033f9501181af3aaf3d0f30120ed65b8893417c1861551ac3d5,.conllu,YES,parsed all CONLL-U token rows source-faithfully
rog_slovenian_1_0_1_1_manual_prosody,ROG.zip,ROG/ROG-SST/Rog-Go1-Gos206.conllu,17007,c117657c,12618a5aa90048efa870b112c3e1b22cb6c4ffad071e84c9de777c560bcb2543,.conllu,YES,parsed all CONLL-U token rows source-faithfully
rog_slovenian_1_0_1_1_manual_prosody,ROG.zip,ROG/ROG-SST/Rog-Go1-Gos134.conllu,12762,c6550394,e27c182b9a6767c8b57bf6a7fec8be2760edb311847056d1fe366490ec3b60c4,.conllu,YES,parsed all CONLL-U token rows source-faithfully
rog_slovenian_1_0_1_1_manual_prosody,ROG.zip,ROG/ROG-SST/Rog-Go1-Gos119.conllu,10904,53cee47f,22820830f88f7cac70de7bee539afbccd6cf611b8c8c807f3485a6b19154d513,.conllu,YES,parsed all CONLL-U token rows source-faithfully
rog_slovenian_1_0_1_1_manual_prosody,ROG.zip,ROG/ROG-SST/Rog-Go1-Gos269.conllu,3035,4ae1f493,42c6007e507a8ef9f844e480cd486c61718515a7a8306b7b856fc00eea1bdd43,.conllu,YES,parsed all CONLL-U token rows source-faithfully
rog_slovenian_1_0_1_1_manual_prosody,ROG.zip,ROG/ROG-SST/Rog-Go1-Gos063.conllu,15240,b3c2bf19,7a8d49592c95f44c6df16ccc279b3c7f30238019502fd2db1da4a98313cdf0a9,.conllu,YES,parsed all CONLL-U token rows source-faithfully
rog_slovenian_1_0_1_1_manual_prosody,ROG.zip,ROG/ROG-SST/Rog-Go1-Gos208.conllu,2340,e8c73d86,5120074ac0eceb593ae07d2626588711b690cfdfdfb955f16446ce8f488147e6,.conllu,YES,parsed all CONLL-U token rows source-faithfully
rog_slovenian_1_0_1_1_manual_prosody,ROG.zip,ROG/ROG-SST/Rog-Art-J-Gvecg-P580041.conllu,179850,1ab1d004,3bd94fe36d806a05229744deacf2b76c16edea7997cec56616529955652c6d14,.conllu,YES,parsed all CONLL-U token rows source-faithfully
rog_slovenian_1_0_1_1_manual_prosody,ROG.zip,ROG/ROG-SST/Rog-Go2-Gos136.conllu,99119,f38c35c6,c0a76144eae244c3c6ffa0ff5e48ce8bb940744ad2a9c93b12f4affbfc412a70,.conllu,YES,parsed all CONLL-U token rows source-faithfully
rog_slovenian_1_0_1_1_manual_prosody,ROG.zip,ROG/ROG-SST/Rog-Go1-Gos153.conllu,12493,119a1304,ca7bb96e5511aa44410d5c9f640da570112f8d52fb95e22c695c0478d94bc8fb,.conllu,YES,parsed all CONLL-U token rows source-faithfully
rog_slovenian_1_0_1_1_manual_prosody,ROG.zip,ROG/ROG-SST/Rog-Go1-Gos124.conllu,30711,f1504166,b1d56354180460099f97b114d3fc7fdf846868a4de7a5d48f4461bdf4765aa3f,.conllu,YES,parsed all CONLL-U token rows source-faithfully
rog_slovenian_1_0_1_1_manual_prosody,ROG.zip,ROG/ROG-SST/Rog-Go1-Gos157.conllu,28638,73e8bfa7,a3cb6d11b2eb260eaa767ffcb7116b99eca81a07f8ded64ca3863291684348fe,.conllu,YES,parsed all CONLL-U token rows source-faithfully
rog_slovenian_1_0_1_1_manual_prosody,ROG.zip,ROG/ROG-SST/Rog-Go2-Gos268.conllu,76263,336a1654,806af93bfd5780d10fe23b7a8861f3f9e0dbcf3533cbc99367e1ae52e58a4df3,.conllu,YES,parsed all CONLL-U token rows source-faithfully
rog_slovenian_1_0_1_1_manual_prosody,ROG.zip,ROG/ROG-SST/Rog-Go1-Gos212.conllu,5745,5aa52d15,3c02e73cf15281b368632446121ec7d839215400a960bd6fc494b6aca49987d2,.conllu,YES,parsed all CONLL-U token rows source-faithfully
rog_slovenian_1_0_1_1_manual_prosody,ROG.zip,ROG/ROG-SST/Rog-Go1-Gos042.conllu,13085,dd5a9042,d9abfaf6e72cea4d9c3cb2cacdcf75820589b22bab557026c94069f560579e84,.conllu,YES,parsed all CONLL-U token rows source-faithfully
rog_slovenian_1_0_1_1_manual_prosody,ROG.zip,ROG/ROG-SST/Rog-Go1-Gos178.conllu,23017,1c3c9989,a449a091da78a33b47c08fe3501efd4517458eb74c34bb6567f081b060ab627e,.conllu,YES,parsed all CONLL-U token rows source-faithfully
rog_slovenian_1_0_1_1_manual_prosody,ROG.zip,ROG/ROG-SST/Rog-Go1-Gos171.conllu,15366,f99d6a55,16f1d9735f21c962f5e72e6420c5e29c16eaa2de92255cb07a7d385d5b77d505,.conllu,YES,parsed all CONLL-U token rows source-faithfully
rog_slovenian_1_0_1_1_manual_prosody,ROG.zip,ROG/ROG-SST/Rog-Go1-Gos121.conllu,13551,3c7bb188,dc6e6a739479af4646bbf51a11e36abcdb7c0c455817eeef5c4c4fbe33ee0d7c,.conllu,YES,parsed all CONLL-U token rows source-faithfully
rog_slovenian_1_0_1_1_manual_prosody,ROG.zip,ROG/ROG-SST/Rog-Go1-Gos035.conllu,7469,e8a571fa,9fba1be0edd43d142613815306102bc3c1be103495d5917835185d022283bab6,.conllu,YES,parsed all CONLL-U token rows source-faithfully
rog_slovenian_1_0_1_1_manual_prosody,ROG.zip,ROG/ROG-SST/Rog-Go2-Gos262.conllu,67672,34e0890d,ebbd7bcb6740f8e21aa25013c439752794b61d6484cdea2871f6a10df1b593a0,.conllu,YES,parsed all CONLL-U token rows source-faithfully
rog_slovenian_1_0_1_1_manual_prosody,ROG.zip,ROG/ROG-SST/Rog-Go1-Gos065.conllu,4371,08eb0d60,51d9bce2036c6afc02948114d267798fe63500d85a45455166d38ec5bd29a86d,.conllu,YES,parsed all CONLL-U token rows source-faithfully
rog_slovenian_1_0_1_1_manual_prosody,ROG.zip,ROG/ROG-SST/Rog-Art-P-G7165-P700926.conllu,155816,bc545376,1698bb6250f8cf84a1ccdac67b6040dec695881675f49895a44f11b48fdf286d,.conllu,YES,parsed all CONLL-U token rows source-faithfully
rog_slovenian_1_0_1_1_manual_prosody,ROG.zip,ROG/ROG-SST/Rog-Go1-Gos180.conllu,21544,21fef7a6,8514e3a5e5125258b1b51750d84a6c7bf4005716ce9d23b72986ad971e7e2e34,.conllu,YES,parsed all CONLL-U token rows source-faithfully
rog_slovenian_1_0_1_1_manual_prosody,ROG.zip,ROG/ROG-SST/Rog-Art-N-G5043-P600044.conllu,66023,31055d34,97870b2816334b74a32ef9a22337bda48c8d48af66752b61a40cf8ea5f6c6822,.conllu,YES,parsed all CONLL-U token rows source-faithfully
rog_slovenian_1_0_1_1_manual_prosody,ROG.zip,ROG/ROG-SST/Rog-Go1-Gos084.conllu,2380,45937b40,3534ee849f3e5f05b5824a028511f8de72ec6fe4c192b4b792e08c47225de0ac,.conllu,YES,parsed all CONLL-U token rows source-faithfully
rog_slovenian_1_0_1_1_manual_prosody,ROG.zip,ROG/ROG-SST/Rog-Art-N-G5036-P600034.conllu,72293,8aa12e7c,4f54345121124c2216cfc61fdafe84b1642c3f65a9f96433f8b12b8b89447515,.conllu,YES,parsed all CONLL-U token rows source-faithfully
rog_slovenian_1_0_1_1_manual_prosody,ROG.zip,ROG/ROG-SST/Rog-Go1-Gos186.conllu,20333,bb95c612,525dda3953d8b2e118d0321a6f6f431b59c07f6770ae7675ab418b6df027f8bf,.conllu,YES,parsed all CONLL-U token rows source-faithfully
rog_slovenian_1_0_1_1_manual_prosody,ROG.zip,ROG/ROG-SST/Rog-Go1-Gos118.conllu,9195,35d0c1c8,0a7e43de3ef027d0acb5018b37ea1dd555be068a4bc89cb1544eb8df09a94e3a,.conllu,YES,parsed all CONLL-U token rows source-faithfully
rog_slovenian_1_0_1_1_manual_prosody,ROG.zip,ROG/ROG-SST/Rog-Go1-Gos003.conllu,25003,d02d67b2,40321f61eb73ca9d179c6e7718c6feb4d2194d968e702060748ed8bd5edc78de,.conllu,YES,parsed all CONLL-U token rows source-faithfully
rog_slovenian_1_0_1_1_manual_prosody,ROG.zip,ROG/ROG-SST/Rog-Go1-Gos151.conllu,11854,189b0332,2ab33a5644adf2fae7cec26a07ce4b20d599445c41f70753dcda10f97f384006,.conllu,YES,parsed all CONLL-U token rows source-faithfully
rog_slovenian_1_0_1_1_manual_prosody,ROG.zip,ROG/ROG-SST/Rog-Go1-Gos108.conllu,1546,90fc6f9a,802deeaf029b13166ab17096d3259d4148bcdded0402bf4f9aa04ba8f47c57b1,.conllu,YES,parsed all CONLL-U token rows source-faithfully
rog_slovenian_1_0_1_1_manual_prosody,ROG.zip,ROG/ROG-SST/Rog-Go1-Gos155.conllu,31941,f4fe83e9,4fef22c2e95acbbfe71f7fb6cb5e3e911646d4693c1e3372cbeb3fc18bd32048,.conllu,YES,parsed all CONLL-U token rows source-faithfully
rog_slovenian_1_0_1_1_manual_prosody,ROG.zip,ROG/ROG-SST/Rog-Go1-Gos006.conllu,17609,f4e270a6,6921da975e7607657a388b520abe392983aaee0eeba6ea779b93f87bae3b5f62,.conllu,YES,parsed all CONLL-U token rows source-faithfully
rog_slovenian_1_0_1_1_manual_prosody,ROG.zip,ROG/ROG-SST/Rog-Go1-Gos217.conllu,17801,33493f06,be6f39a0f71f2399348f92062b6bbaec14b2043d2c12196441b3549bc6a969ac,.conllu,YES,parsed all CONLL-U token rows source-faithfully
rog_slovenian_1_0_1_1_manual_prosody,ROG.zip,ROG/ROG-SST/Rog-Go2-Gos190.conllu,70598,c4e4c4bf,98c484e48c47cb2cfb80dd2a4ef1d6a65c8d05aee3d463e495e46b5a98675274,.conllu,YES,parsed all CONLL-U token rows source-faithfully
rog_slovenian_1_0_1_1_manual_prosody,ROG.zip,ROG/ROG-SST/Rog-Go1-Gos007.conllu,25922,288a1a7e,d8f1d644241040ec7175a8b5ed4dd9a20e13ed8243e8915f2e61da4ab663cbb2,.conllu,YES,parsed all CONLL-U token rows source-faithfully
rog_slovenian_1_0_1_1_manual_prosody,ROG.zip,ROG/ROG-SST/Rog-Art-J-Gvecg-P500002.conllu,151684,7b5ee8f2,24969a49602c4a3dcfaa1a5336d159d27105aa1097a45507474253b70cdd1a25,.conllu,YES,parsed all CONLL-U token rows source-faithfully
rog_slovenian_1_0_1_1_manual_prosody,ROG.zip,ROG/ROG-SST/Rog-Art-N-G6100-P610002.conllu,165422,efed746b,d97c46b8ee401f0a9fc70e1e205514780a6db3550a321cbec41c02e4f91f4315,.conllu,YES,parsed all CONLL-U token rows source-faithfully
rog_slovenian_1_0_1_1_manual_prosody,ROG.zip,ROG/ROG-SST/Rog-Go1-Gos252.conllu,14035,cfb6b083,f9814b89e4bb230b2fb35326e5ce80bfbca5c9d13113358cd09ea0488c0aba5f,.conllu,YES,parsed all CONLL-U token rows source-faithfully
rog_slovenian_1_0_1_1_manual_prosody,ROG.zip,ROG/ROG-SST/Rog-Go2-Gos181.conllu,85308,48bd0782,ebfdc25fac6ec940b540d124bae96226541fe2298a1234814ab807fd4b7d9510,.conllu,YES,parsed all CONLL-U token rows source-faithfully
rog_slovenian_1_0_1_1_manual_prosody,ROG.zip,ROG/ROG-SST/Rog-Go1-Gos059.conllu,13972,7a4cbc47,108514c7457182791b2959c9052a2f7dca78e88911ebd19e01d1bc154067f23f,.conllu,YES,parsed all CONLL-U token rows source-faithfully
rog_slovenian_1_0_1_1_manual_prosody,ROG.zip,ROG/ROG-SST/Rog-Go1-Gos026.conllu,5854,05a8f31d,d7835e48031cb72ca22ee5fe6798b5339381a50b0a8248d20dc721e554b14ded,.conllu,YES,parsed all CONLL-U token rows source-faithfully
rog_slovenian_1_0_1_1_manual_prosody,ROG.zip,ROG/ROG-SST/Rog-Go1-Gos163.conllu,14908,861e4852,bd41b198796ca790317f8cde6e15ecf925006467c524a95e4ade209c86f55739,.conllu,YES,parsed all CONLL-U token rows source-faithfully
rog_slovenian_1_0_1_1_manual_prosody,ROG.zip,ROG/ROG-SST/Rog-Go1-Gos209.conllu,15502,bfe6e8ab,dcfa3a83ae3edf6faac23501f925b04f70ad4a0896f9878f9a06fe03fd8cc815,.conllu,YES,parsed all CONLL-U token rows source-faithfully
rog_slovenian_1_0_1_1_manual_prosody,ROG.zip,ROG/ROG-SST/Rog-Go1-Gos012.conllu,11768,b312e28d,2037e991deaa649f694dee09a6e11ad6116308fa951dca7c11746760290d28e2,.conllu,YES,parsed all CONLL-U token rows source-faithfully
rog_slovenian_1_0_1_1_manual_prosody,ROG.zip,ROG/ROG-SST/Rog-Go1-Gos019.conllu,13591,41976e06,ac50f3374e54e026da6265ebf6fce02dd5fd37e6dbab3c73012ca893063f93ea,.conllu,YES,parsed all CONLL-U token rows source-faithfully
rog_slovenian_1_0_1_1_manual_prosody,ROG.zip,ROG/ROG-SST/Rog-Go1-Gos232.conllu,11201,9c4c5f42,c318d6d1f1a0ea4f7da2aca539bcb6e4788ccca96b86015b4ab9b32c1ececd2b,.conllu,YES,parsed all CONLL-U token rows source-faithfully
rog_slovenian_1_0_1_1_manual_prosody,ROG.zip,ROG/ROG-SST/Rog-Go1-Gos281.conllu,20619,6ffe370a,3054d92b3b5ac6bc6e94162159d5002cd0942a43ca3fd09f788be6eed99bdb60,.conllu,YES,parsed all CONLL-U token rows source-faithfully
rog_slovenian_1_0_1_1_manual_prosody,ROG.zip,ROG/ROG-SST/Rog-Art-N-G5083-P600080.conllu,134786,fc374b9c,eec1ad271c61f05423754c2fb904640ce381796ce2db33d47b1482a7355498ca,.conllu,YES,parsed all CONLL-U token rows source-faithfully
rog_slovenian_1_0_1_1_manual_prosody,ROG.zip,ROG/ROG-SST/Rog-Go1-Gos021.conllu,13202,66e05b6a,dfe6a81b700416d9319580282c439e58227b2b1f580525a925caab9d24e6e782,.conllu,YES,parsed all CONLL-U token rows source-faithfully
rog_slovenian_1_0_1_1_manual_prosody,ROG.zip,ROG/ROG-SST/Rog-Go1-Gos129.conllu,9190,6f941f86,21080682fc9328cbd69b9dbd7f52fba61cc9af7982f650073988d4d3f0000277,.conllu,YES,parsed all CONLL-U token rows source-faithfully
rog_slovenian_1_0_1_1_manual_prosody,ROG.zip,ROG/ROG-SST/Rog-Go1-Gos097.conllu,4706,31da0d39,5d40144ec8f89e3b69abd524f24117e40af7480151626bd1a0a638fcdebd2600,.conllu,YES,parsed all CONLL-U token rows source-faithfully
rog_slovenian_1_0_1_1_manual_prosody,ROG.zip,ROG/ROG-SST/Rog-Go2-Gos138.conllu,77590,2627bfaa,cb344614f10cd9df1bf1728c4cd1a72c5bbf0a175e0ddc1bde167102858d983a,.conllu,YES,parsed all CONLL-U token rows source-faithfully
rog_slovenian_1_0_1_1_manual_prosody,ROG.zip,ROG/ROG-SST/Rog-Go1-Gos068.conllu,5536,86678a00,7690a335e93bf0a31f1b5b1f75e0bfe47f9fdc4456e4cb9fc567334d658a9500,.conllu,YES,parsed all CONLL-U token rows source-faithfully
rog_slovenian_1_0_1_1_manual_prosody,ROG.zip,ROG/ROG-SST/Rog-Go1-Gos239.conllu,23638,e32cfb11,d0f7e49a55aae6af27b92fc02a9b455cea77fef1434707057ba1cbdfaf423f0d,.conllu,YES,parsed all CONLL-U token rows source-faithfully
rog_slovenian_1_0_1_1_manual_prosody,ROG.zip,ROG/ROG-SST/Rog-Go1-Gos145.conllu,30177,4ccc5157,95a5adc90b8fa03802d86ee61514e4b02d2586789edd27bc81a5c70d8b3deb6a,.conllu,YES,parsed all CONLL-U token rows source-faithfully
rog_slovenian_1_0_1_1_manual_prosody,ROG.zip,ROG/ROG-SST/Rog-Go1-Gos277.conllu,18152,704b1a5a,29ee676b89fe197bea32139894939bd7dca8bf222d38fa64c14270b32f573016,.conllu,YES,parsed all CONLL-U token rows source-faithfully
rog_slovenian_1_0_1_1_manual_prosody,ROG.zip,ROG/ROG-SST/Rog-Go1-Gos072.conllu,35894,6ced9c17,816f610309bf5257fabd71b2e63ccacda159fdf727dc3f478d67d5732dd2c8c8,.conllu,YES,parsed all CONLL-U token rows source-faithfully
rog_slovenian_1_0_1_1_manual_prosody,ROG.zip,ROG/ROG-SST/Rog-Go1-Gos258.conllu,17133,60d3660a,ed6f4f050f0f876a0b742f9ce33e52191496180b6e9087debcedf23cf2a86615,.conllu,YES,parsed all CONLL-U token rows source-faithfully
rog_slovenian_1_0_1_1_manual_prosody,ROG.zip,ROG/ROG-SST/Rog-Go1-Gos061.conllu,20179,a952d787,b05fa851cfb580dec3af61422887ab49f9c7c92acf265511f0ab0b3262878c40,.conllu,YES,parsed all CONLL-U token rows source-faithfully
rog_slovenian_1_0_1_1_manual_prosody,ROG.zip,ROG/ROG-SST/Rog-Go1-Gos102.conllu,3871,5dc2fa19,4e0de61904dfcd229ac335a35faa2b10f08880f8f13a33b79911ec8ed3336c77,.conllu,YES,parsed all CONLL-U token rows source-faithfully
rog_slovenian_1_0_1_1_manual_prosody,ROG.zip,ROG/ROG-SST/Rog-Art-P-G7002-P700444.conllu,147809,7753301b,2644199250d70466a2fb31caf5e5d3183bffa1d3825d523a5ff5e61b5612f0a3,.conllu,YES,parsed all CONLL-U token rows source-faithfully
rog_slovenian_1_0_1_1_manual_prosody,ROG.zip,ROG/ROG-SST/Rog-Go1-Gos074.conllu,17805,3251306c,b2d8dbf097f5285517ab60238e50d01cfe30c5fbd27eb34a66e1ee2ab724c057,.conllu,YES,parsed all CONLL-U token rows source-faithfully
rog_slovenian_1_0_1_1_manual_prosody,ROG.zip,ROG/ROG-SST/Rog-Go1-Gos001.conllu,12782,3cbabb65,84aa3f64d8947cabcaf9759618f3e505ae2c6735bc706cb60bb5aec9ad168b9e,.conllu,YES,parsed all CONLL-U token rows source-faithfully
rog_slovenian_1_0_1_1_manual_prosody,ROG.zip,ROG/ROG-SST/Rog-Go1-Gos107.conllu,2436,3e7ab1d9,4e000dcb7166bc9142769c8602a5a890b7a299540d76b7164c129398ac8e09bc,.conllu,YES,parsed all CONLL-U token rows source-faithfully
rog_slovenian_1_0_1_1_manual_prosody,ROG.zip,ROG/ROG-SST/Rog-Go1-Gos191.conllu,14850,6bad68cc,b09be209bc54a4e789bf1b2952e9d5549311725b1b6d7674652109101dba7206,.conllu,YES,parsed all CONLL-U token rows source-faithfully
rog_slovenian_1_0_1_1_manual_prosody,ROG.zip,ROG/ROG-SST/Rog-Go1-Gos234.conllu,6193,e3632b80,40979fda4eb0b96a8f340801c87941c02f60bcd7b2e644dea18a1a24a980b956,.conllu,YES,parsed all CONLL-U token rows source-faithfully
rog_slovenian_1_0_1_1_manual_prosody,ROG.zip,ROG/ROG-SST/Rog-Go1-Gos216.conllu,31936,683270b3,84b6c9384937a3955a1c7a750af026ba01ac28f6cab577f562bb6be81739d1d5,.conllu,YES,parsed all CONLL-U token rows source-faithfully
rog_slovenian_1_0_1_1_manual_prosody,ROG.zip,ROG/ROG-SST/Rog-Go1-Gos125.conllu,9906,b8a7c078,8831e6fecd8cd645920eb7470bba06cb449245cb928621bdc30127150d7c29ed,.conllu,YES,parsed all CONLL-U token rows source-faithfully
rog_slovenian_1_0_1_1_manual_prosody,ROG.zip,ROG/ROG-SST/Rog-Go1-Gos103.conllu,2253,577bbbc5,08ebe1b2ea5621f5e2992170ad2e395fe4377449b80afefc967e0043bb5ccd71,.conllu,YES,parsed all CONLL-U token rows source-faithfully
rog_slovenian_1_0_1_1_manual_prosody,ROG.zip,ROG/ROG-SST/Rog-Go1-Gos031.conllu,9798,d288e8e9,b0a26a3acfe18ea51c73f6bd472e4cf51a6695b2882c6ba800be43d505963a78,.conllu,YES,parsed all CONLL-U token rows source-faithfully
rog_slovenian_1_0_1_1_manual_prosody,ROG.zip,ROG/ROG-SST/Rog-Go2-Gos233.conllu,83120,9eb494f2,dbd35471c1103b12c9b249d33f5e646c6e3f6566d117196af159a7338f58a70d,.conllu,YES,parsed all CONLL-U token rows source-faithfully
rog_slovenian_1_0_1_1_manual_prosody,ROG.zip,ROG/ROG-SST/Rog-Go1-Gos089.conllu,4106,2aa992d5,94503d9138b5126dfedf2afa749c69e96f65dd39622e67fdb5da36fbd71a5161,.conllu,YES,parsed all CONLL-U token rows source-faithfully
rog_slovenian_1_0_1_1_manual_prosody,ROG.zip,ROG/ROG-SST/Rog-Art-N-G5026-P600021.conllu,57255,47a7ed14,3019100ee3ceaf23244e9651f0baf4435e171ac5910afd03ac27d8e1fe192162,.conllu,YES,parsed all CONLL-U token rows source-faithfully
rog_slovenian_1_0_1_1_manual_prosody,ROG.zip,ROG/ROG-SST/Rog-Go1-Gos260.conllu,17101,431117ca,9ff505a92fee2e69fda3e2ec5c849f7fdf7165bd1724e0ccd61a44b83c45241e,.conllu,YES,parsed all CONLL-U token rows source-faithfully
rog_slovenian_1_0_1_1_manual_prosody,ROG.zip,ROG/ROG-SST/Rog-Art-N-G6103-P610302.conllu,156127,12e12c35,9fcf054c77564d9a68f6423b1bb2e9ede544838ae0485800824da2dd2e4bc71f,.conllu,YES,parsed all CONLL-U token rows source-faithfully
rog_slovenian_1_0_1_1_manual_prosody,ROG.zip,ROG/ROG-SST/Rog-Go1-Gos261.conllu,5886,62698c37,d4b0b40b9ad6ccab0969adc3ca7276178163015d93883ceadfdbc4c03fff7f55,.conllu,YES,parsed all CONLL-U token rows source-faithfully
rog_slovenian_1_0_1_1_manual_prosody,ROG.zip,ROG/ROG-SST/Rog-Go1-Gos117.conllu,8272,46d9aa6e,b60bf2178fd8c4c5a28697fdd53e6f0403109f932241df2fef0d2f465e3787de,.conllu,YES,parsed all CONLL-U token rows source-faithfully
rog_slovenian_1_0_1_1_manual_prosody,ROG.zip,ROG/ROG-SST/Rog-Go1-Gos170.conllu,16754,76277c28,24c62d9843881bcf9996a384d11aa71b43bcf60fe8fcfed9c519951e2fcdb39f,.conllu,YES,parsed all CONLL-U token rows source-faithfully
rog_slovenian_1_0_1_1_manual_prosody,ROG.zip,ROG/ROG-SST/Rog-Go1-Gos198.conllu,10502,fc9e7850,025f7c1c006b21f85a985132d4b5729bc3193c89c197c772e4227e683c166426,.conllu,YES,parsed all CONLL-U token rows source-faithfully
rog_slovenian_1_0_1_1_manual_prosody,ROG.zip,ROG/ROG-SST/Rog-Go1-Gos037.conllu,10536,8275d0f0,516bd0778af66d5400b8274024d9f274ad194c9467092744c808532f1be7ce66,.conllu,YES,parsed all CONLL-U token rows source-faithfully
rog_slovenian_1_0_1_1_manual_prosody,ROG.zip,ROG/ROG-SST/Rog-Art-N-G6047-P604702.conllu,151287,893bf9b0,a838f0c503d759dcceadd992156c629eca2b0218a9490b7620a8030d8fde472b,.conllu,YES,parsed all CONLL-U token rows source-faithfully
rog_slovenian_1_0_1_1_manual_prosody,ROG.zip,ROG/ROG-SST/Rog-Go1-Gos091.conllu,3020,13890411,c962dfcd1bb38fd4a4240fdf5230c139a234dc31cf3670b2fd161d06b1a16fd4,.conllu,YES,parsed all CONLL-U token rows source-faithfully
rog_slovenian_1_0_1_1_manual_prosody,ROG.zip,ROG/ROG-SST/Rog-Art-J-Gvecg-P500046.conllu,178528,a132f21d,fc5a657c8c49d025af506912360d5158f0980286f386a48ee97653a2b09d65a8,.conllu,YES,parsed all CONLL-U token rows source-faithfully
rog_slovenian_1_0_1_1_manual_prosody,ROG.zip,ROG/ROG-SST/Rog-Go1-Gos154.conllu,14498,1a8af1f1,004b6183c83d98313f087b88c5698e4cc65ec4770e69f82cd0705032ae911607,.conllu,YES,parsed all CONLL-U token rows source-faithfully
rog_slovenian_1_0_1_1_manual_prosody,ROG.zip,ROG/PREBERIME.md,3083,5e3fedd7,2fb2bdf4e212023eeefeb233387d0fbcaa9f4b02910dccda689293018fdaefd6,.md,NO,
rog_slovenian_1_0_1_1_manual_prosody,ROG.zip,ROG/README.md,3140,a85eb213,8d2fdd2e831ac3972e9e7b73b7cc93b2ebe38f460a8f355fc2b89608e1363cdb,.md,NO,
