recording_id,TEXT-ID,SOURCE-ID,RECORDING-ID,SUBCORPUS,TITLE,DATE,SOURCE,URL,TEXT-REGION,DOMAIN,TYPE,CHANNEL,SENTENCES,WORDS,SPK-IDsUTTS
rog_slovenian_1_0_1_1_manual_prosody::JIfajzakhu-np0911061839.wav,Rog-Go1-Gos001,Gos001,JIfajzakhu-np0911061839.wav,Gos,Splošno predavanje za prvi letnik prevajalstva.,2009-11,lastni posnetek,-,Ljubljana,"akademski, družboslovje",informativno-izobraževalni,osebni stik,6,117,Af-pred-02166
rog_slovenian_1_0_1_1_manual_prosody::JIfajzakhu-np1003120917.wav,Rog-Go1-Gos002,Gos002,JIfajzakhu-np1003120917.wav,Gos,"Ura filozofije, pri kateri predavatelj študentom razlaga nemško klasično filozofijo.",2010-03,lastni posnetek,-,Ljubljana,"akademski, humanistika",informativno-izobraževalni,osebni stik,6,128,Zm-prof-01084
rog_slovenian_1_0_1_1_manual_prosody::JIfajzaknr-np0911190022.wav,Rog-Go1-Gos003,Gos003,JIfajzaknr-np0911190022.wav,Gos,"Strokovni seminar, namenjen predvsem kemikom in matematikom.",2010-01,lastni posnetek,-,Ljubljana,"akademski, naravoslovje",informativno-izobraževalni,osebni stik,9,213,Um-pred-01619
rog_slovenian_1_0_1_1_manual_prosody::JIfasvakdr-jt1003041136.wav,Rog-Go1-Gos004,Gos004,JIfasvakdr-jt1003041136.wav,Gos,"Predavanje o vzgoji otroka, ki poudarja vzpodbujanje samostojnosti in odgovornosti, sprejemanje odločitev, pogovor z otrokom, izkazovanje ljubezni in vpliv partnerskih odnosov na čustveni razvoj otroka.",2010-03,lastni posnetek,-,Maribor,"akademski, družboslovje",informativno-izobraževalni,osebni stik,11,214,Jf-publ-07549 Pf-pred-07541
rog_slovenian_1_0_1_1_manual_prosody::JIfasvakdr-rd1001290912.wav,Rog-Go1-Gos005,Gos005,JIfasvakdr-rd1001290912.wav,Gos,Javno predavanje in okrogla miza o univerzalnem temeljnem dohodku.,2010-02,lastni posnetek,-,Maribor,javno predavanje,informativno-izobraževalni,osebni stik,7,133,Am-mode-05666 Bf-pred-05667
rog_slovenian_1_0_1_1_manual_prosody::JIfasvakhu-kk1001201128.wav,Rog-Go1-Gos006,Gos006,JIfasvakhu-kk1001201128.wav,Gos,Predavanje iz književnosti na temo modernizma in avantgarde.,2010-02,lastni posnetek,-,Maribor,"akademski, humanistika",informativno-izobraževalni,osebni stik,4,165,Am-pred-05665
rog_slovenian_1_0_1_1_manual_prosody::JIfasvaknr-dv0912110922.wav,Rog-Go1-Gos007,Gos007,JIfasvaknr-dv0912110922.wav,Gos,Predavanje ob dnevu fakultete o najnovejših odkritjih v vesolju.,2009-12,lastni posnetek,-,Maribor,javno predavanje,informativno-izobraževalni,osebni stik,6,238,Tm-pred-06583
rog_slovenian_1_0_1_1_manual_prosody::JIfasvaknr-pv1001120730.wav,Rog-Go1-Gos008,Gos008,JIfasvaknr-pv1001120730.wav,Gos,Predavanje s področja komunikacije človek-stroj.,2010-01,lastni posnetek,-,Maribor,"akademski, tehnika",informativno-izobraževalni,osebni stik,3,92,Pm-pred-09040
rog_slovenian_1_0_1_1_manual_prosody::JIjsnnjtns-ak0908050925.wav,Rog-Go1-Gos009,Gos009,JIjsnnjtns-ak0908050925.wav,Gos,Konverzacijski del učne ure slovenščine za tujce v jezikovni šoli.,2009-06,lastni posnetek,-,Ljubljana,jezikovni tečaj za tujce,informativno-izobraževalni,osebni stik,12,99,Af-prof-06578 Ef-stud-06579 Tf-stud-06580
rog_slovenian_1_0_1_1_manual_prosody::JIosjzdrdr-ak1001100900.wav,Rog-Go1-Gos010,Gos010,JIosjzdrdr-ak1001100900.wav,Gos,"Učna ura slovenščine, šesti razred OŠ. Obravnavali so oglasno sporočilo in nakupovalne navade.",2010-01,lastni posnetek,-,Gorje,"2. triletje, družboslovje",informativno-izobraževalni,osebni stik,13,129,Af-ucen-09041 Em-ucen-09046 Jf-ucen-09052 Pf-prof-09042
rog_slovenian_1_0_1_1_manual_prosody::JIosjzdrdr-np0912052335.wav,Rog-Go1-Gos011,Gos011,JIosjzdrdr-np0912052335.wav,Gos,"Osnovna šola, predmet zgodovina, 6. razred, o obdobju pred Grki.",2009-12,lastni posnetek,-,Ljubljana,"2. triletje, družboslovje",informativno-izobraževalni,osebni stik,17,157,Am-ucen-09034 Bm-ucen-09035 Df-ucen-09037 Ff-ucen-09039 Mf-prof-09033
rog_slovenian_1_0_1_1_manual_prosody::JIosjzdrna-ak1001100755.wav,Rog-Go1-Gos012,Gos012,JIosjzdrna-ak1001100755.wav,Gos,"6. razred, ura matematike, vaje za test: računske operacije z decimalnimi števili, vaje ter zapisovanje računa s pomočjo tekstne naloge.",2010-01,lastni posnetek,-,Gorje,"2. triletje, naravoslovje",informativno-izobraževalni,osebni stik,6,107,Af-prof-02215 Cf-ucen-02217 Gm-ucen-02221
rog_slovenian_1_0_1_1_manual_prosody::JIosjzdrna-kk0910230820.wav,Rog-Go1-Gos013,Gos013,JIosjzdrna-kk0910230820.wav,Gos,"Ura naravoslovja in tehnike v petem razredu OŠ, učitelj se z učenci pogovarja o vrstah prsti, rešujejo delovne liste in naredijo nekaj poskusov.",2010-01,lastni posnetek,-,Dobravlje,"2. triletje, naravoslovje",informativno-izobraževalni,osebni stik,24,198,Am-prof-05653 Cm-ucen-05655 Dm-ucen-05656 Ff-ucen-05658 Gf-ucen-05659 Hf-ucen-05660 Pn-vsiucenci-10000
rog_slovenian_1_0_1_1_manual_prosody::JIosjzdrna-pk1005181032.wav,Rog-Go1-Gos014,Gos014,JIosjzdrna-pk1005181032.wav,Gos,Osnovnošolska učna ura naravoslovja (o podnebju) v petem razredu.,2010-05,lastni posnetek,-,Koper,"2. triletje, naravoslovje",informativno-izobraževalni,osebni stik,27,195,Af-prof-07180 Bm-ucen-07181 Cf-ucen-07182 Dm-ucen-07183 Hm-ucen-07187
rog_slovenian_1_0_1_1_manual_prosody::JIosjztrdr-ak1001101050.wav,Rog-Go1-Gos015,Gos015,JIosjztrdr-ak1001101050.wav,Gos,"Učna ura slovenščine, 7. razred. Književnost, ljudsko slovstvo: dela so analizirali, iskali v njih razna slogovna sredstva, arhaične izraze ...",2010-01,lastni posnetek,-,Gorje,"3. triletje, družboslovje",informativno-izobraževalni,osebni stik,15,132,Af-prof-02245 Ff-ucen-02250 Om-ucen-02259 Sm-ucen-02261
rog_slovenian_1_0_1_1_manual_prosody::JIosjztrna-pk1005181055.wav,Rog-Go1-Gos016,Gos016,JIosjztrna-pk1005181055.wav,Gos,Osnovnošolska učna ura naravoslovja (o rastlinah) v šestem razredu.,2010-08,lastni posnetek,-,Koper,"3. triletje, naravoslovje",informativno-izobraževalni,osebni stik,16,122,Af-prof-05598 Cf-ucen-05600 Em-ucen-05602 Hm-ucen-05605 Pn-vsiucenci-10000
rog_slovenian_1_0_1_1_manual_prosody::JIossltrdr-jm0912151304.wav,Rog-Go1-Gos017,Gos017,JIossltrdr-jm0912151304.wav,Gos,"Šolska ura o umetnostnem besedilu, prijateljstvu, pridevnikih v umetnostnem besedilu.",2010-01,lastni posnetek,-,Ljubljana,"3. triletje, družboslovje",informativno-izobraževalni,osebni stik,13,198,Af-prof-07104 If-ucen-07112 Om-ucen-07118 Rm-ucen-07121 Tm-ucen-07123
rog_slovenian_1_0_1_1_manual_prosody::JIossvdrdr-jt0910141912.wav,Rog-Go1-Gos018,Gos018,JIossvdrdr-jt0910141912.wav,Gos,"Osnovnošolska ura predmeta družba, ponovitev naravnih značilnosti domače pokrajine, spoznavanje vrst naselij, bivališč, izpolnjevanje delovnih listov na temo značilnosti domačih naselij.",2009-10,lastni posnetek,-,Radenci,"2. triletje, družboslovje",informativno-izobraževalni,osebni stik,14,122,Em-ucen-01089 Lm-ucen-01096 Mf-prof-01097 Nm-ucen-01098
rog_slovenian_1_0_1_1_manual_prosody::JIossvdrdr-kk0911181120.wav,Rog-Go1-Gos019,Gos019,JIossvdrdr-kk0911181120.wav,Gos,"Ura književnosti v šestem razredu, učenci berejo pesem, se o njej pogovarjajo in rešujejo delovni list.",2009-11,lastni posnetek,-,Maribor,"2. triletje, družboslovje",informativno-izobraževalni,osebni stik,11,128,Fm-ucen-07023 Gm-ucen-07024 Sf-prof-07036
rog_slovenian_1_0_1_1_manual_prosody::JIossvtrdr-is0911272343.wav,Rog-Go1-Gos020,Gos020,JIossvtrdr-is0911272343.wav,Gos,"Učna ura zgodovine, OŠ, 9. razred, tema je holokavst. Med poukom je predvajan tudi enominutni posnetek s TV.",2009-11,lastni posnetek,-,Radlje ob Dravi,"3. triletje, družboslovje",informativno-izobraževalni,osebni stik,18,197,Jm-ucen-01064 Mf-prof-01061 Pn-vsiucenci-10000 Tf-ucen-01069
rog_slovenian_1_0_1_1_manual_prosody::JIossvtrna-is0911272310.wav,Rog-Go1-Gos021,Gos021,JIossvtrna-is0911272310.wav,Gos,"Učna ura kemije, OŠ, 9. razred, poučevanje učencev o bazah in kislinah.",2009-11,lastni posnetek,-,Radlje ob Dravi,"3. triletje, naravoslovje",informativno-izobraževalni,osebni stik,11,113,Af-ucen-01051 Bm-ucen-01052 Pn-vsiucenci-10000 Sf-prof-01049
rog_slovenian_1_0_1_1_manual_prosody::JIossvtrna-kk0911181210.wav,Rog-Go1-Gos022,Gos022,JIossvtrna-kk0911181210.wav,Gos,"Učna ura matematike v sedmem razredu OŠ; preslikava čez premico, preslikava čez točko.",2010-09,lastni posnetek,-,Maribor,"3. triletje, naravoslovje",informativno-izobraževalni,osebni stik,11,126,Fm-ucen-01627 Pf-ucen-01626 Um-prof-01624
rog_slovenian_1_0_1_1_manual_prosody::JIrajzakjp-rd0906111339.wav,Rog-Go1-Gos023,Gos023,JIrajzakjp-rd0906111339.wav,Gos,"Radijski pogovor o izboru za pesem Evrovizije, o pravičnosti izbora in primernosti zmagovalca.",2009-07,-,-,Ljubljana,"Aktual, Aktualno",informativno-izobraževalni,radio,3,54,Am-mode-05517 Lm-posl-05528
rog_slovenian_1_0_1_1_manual_prosody::JIrajzakjp-rd0906111346.wav,Rog-Go1-Gos024,Gos024,JIrajzakjp-rd0906111346.wav,Gos,Radijski pogovor o upravičenosti obvezne uporabe varnostnega pasu - mnenja za in proti.,2009-07,-,-,Ljubljana,"Aktual, Aktualno",informativno-izobraževalni,radio,4,67,Af-novi-05533 Em-mode-05517
rog_slovenian_1_0_1_1_manual_prosody::JIrajzakjp-rd0906111356.wav,Rog-Go1-Gos025,Gos025,JIrajzakjp-rd0906111356.wav,Gos,Poročilo in debata o bolniških odsotnostih in zavodu za zdravstveno zavarovanje.,2009-07,-,-,Ljubljana,"Aktual, Aktualno",informativno-izobraževalni,radio,5,62,Fm-mode-05517 Mf-posl-05556
rog_slovenian_1_0_1_1_manual_prosody::JIrajzakjp-rd0906111358.wav,Rog-Go1-Gos026,Gos026,JIrajzakjp-rd0906111358.wav,Gos,Pogovor o upravičenosti povišanja naročnine za javni RTV.,2009-07,-,-,Ljubljana,"Aktual, Aktualno",informativno-izobraževalni,radio,5,45,Am-nast-05525 Bf-novi-05533 Hm-anke-05569
rog_slovenian_1_0_1_1_manual_prosody::JIrajzakjp-rd0906111359.wav,Rog-Go1-Gos027,Gos027,JIrajzakjp-rd0906111359.wav,Gos,Debata o upravičenosti referenduma o vstopu Hrvaške v zvezo Nato.,2009-09,-,-,Ljubljana,"Aktual, Aktualno",informativno-izobraževalni,radio,8,70,Fm-mode-05592 Lm-posl-05607
rog_slovenian_1_0_1_1_manual_prosody::JIrajzakjp-rd0906111401.wav,Rog-Go1-Gos028,Gos028,JIrajzakjp-rd0906111401.wav,Gos,Radijska oddaja o reševanju mejne problematike s Hrvaško.,2009-07,-,-,Ljubljana,"Aktual, Aktualno",informativno-izobraževalni,radio,5,68,Jm-anke-05585 Kf-anke-05586 Lm-anke-05587
rog_slovenian_1_0_1_1_manual_prosody::JIrajzakjp-rd0906111402.wav,Rog-Go1-Gos029,Gos029,JIrajzakjp-rd0906111402.wav,Gos,Razprava o uvedbi vinjet za slovenske avtoceste.,2009-07,-,-,Ljubljana,"Aktual, Aktualno",informativno-izobraževalni,radio,8,78,Mm-posl-06513 Rm-novi-05592 Um-posl-06514
rog_slovenian_1_0_1_1_manual_prosody::JIrajzakns-rd0906111405.wav,Rog-Go1-Gos030,Gos030,JIrajzakns-rd0906111405.wav,Gos,Pogovor o muslimanski veri v Sloveniji.,2009-09,-,-,Ljubljana,"Aktual, Na sredi",informativno-izobraževalni,radio,6,88,Am-mode-05592 Bm-nast-05525 Cf-mode-05533
rog_slovenian_1_0_1_1_manual_prosody::JIrajzakns-rd0906111406.wav,Rog-Go1-Gos031,Gos031,JIrajzakns-rd0906111406.wav,Gos,Pogovor o presejalnih programih za odkrivanje raka v Sloveniji.,2009-09,-,-,Ljubljana,"Aktual, Na sredi",informativno-izobraževalni,radio,4,88,Bf-mode-05533 Cf-gost-05601
rog_slovenian_1_0_1_1_manual_prosody::JIrajzakns-rd0906111408.wav,Rog-Go1-Gos032,Gos032,JIrajzakns-rd0906111408.wav,Gos,Pogovor z gostjo o slovenskih zaporih.,2009-08,-,-,Ljubljana,"Aktual, Na sredi",informativno-izobraževalni,radio,4,113,Bf-gost-05600
rog_slovenian_1_0_1_1_manual_prosody::JIrajzakns-rd0906111410.wav,Rog-Go1-Gos033,Gos033,JIrajzakns-rd0906111410.wav,Gos,Pogovor o brezdomskem načinu življenja.,2009-07,-,-,Ljubljana,"Aktual, Na sredi",informativno-izobraževalni,radio,7,133,Ef-anke-05595 Fm-anke-05596 Gf-anke-05597
rog_slovenian_1_0_1_1_manual_prosody::JIrajzkkna-rd0906111422.wav,Rog-Go1-Gos034,Gos034,JIrajzkkna-rd0906111422.wav,Gos,Pogovor o predstavitvi dela teatra v letu 2009.,2009-06,-,-,Novo mesto,"Krka, intervju",informativno-izobraževalni,radio,3,48,Af-mode-05513 Bm-gost-05514
rog_slovenian_1_0_1_1_manual_prosody::JIrajzkkna-rd0906111425.wav,Rog-Go1-Gos035,Gos035,JIrajzkkna-rd0906111425.wav,Gos,Pogovor z organizatorjem glasbenega festivala.,2009-07,-,-,Novo mesto,"Krka, intervju",informativno-izobraževalni,radio,4,72,Af-mode-04527 Bm-inte-04528
rog_slovenian_1_0_1_1_manual_prosody::JIrajzkrsp-rd0906111417.wav,Rog-Go1-Gos036,Gos036,JIrajzkrsp-rd0906111417.wav,Gos,Pogovor z znanim slovenskim igralcem.,2009-09,-,-,Kranj,"Kranj, intervju",informativno-izobraževalni,radio,5,78,Am-novi-00522 Bm-gost-00521
rog_slovenian_1_0_1_1_manual_prosody::JIrajzkrsp-rd0906111419.wav,Rog-Go1-Gos037,Gos037,JIrajzkrsp-rd0906111419.wav,Gos,Pogovor z znano slovensko pesnico in pisateljico.,2009-09,-,-,Kranj,"Kranj, intervju",informativno-izobraževalni,radio,6,87,Bf-novi-00524
rog_slovenian_1_0_1_1_manual_prosody::JIraslogak-rd0906101516.wav,Rog-Go1-Gos038,Gos038,JIraslogak-rd0906101516.wav,Gos,Pogovor o reševanju mejnega spora s Hrvaško.,2009-07,-,-,Ljubljana,"Ognjišče, Pogovor o",informativno-izobraževalni,radio,10,242,Am-novi-02052 Cm-gost-02054
rog_slovenian_1_0_1_1_manual_prosody::JIraslogng-rd0906101509.wav,Rog-Go1-Gos039,Gos039,JIraslogng-rd0906101509.wav,Gos,"Pogovor z gostom, jezikoslovcem etimologom.",2009-07,-,-,Ljubljana,"Ognjišče, Naš gost",informativno-izobraževalni,radio,11,184,Af-novi-02046 Bm-gost-02047
rog_slovenian_1_0_1_1_manual_prosody::JIraslslin-rd0906101506.wav,Rog-Go1-Gos040,Gos040,JIraslslin-rd0906101506.wav,Gos,"Pogovor z znano slovensko ustvarjalko, pesnico in pisateljico.",2009-07,-,-,Ljubljana,"Slovenija1, Intervju",informativno-izobraževalni,radio,7,133,Af-novi-02064 Bf-gost-02065
rog_slovenian_1_0_1_1_manual_prosody::JIraslslin-rd1009161011.wav,Rog-Go1-Gos041,Gos041,JIraslslin-rd1009161011.wav,Gos,Pogovor s slovenskim odvetnikom.,2010-09,-,-,Ljubljana,"Slovenija1, Intervju",informativno-izobraževalni,radio,8,143,Bf-novi-07195 Cm-gost-07196
rog_slovenian_1_0_1_1_manual_prosody::JIraslvaak-rd0906101455.wav,Rog-Go1-Gos042,Gos042,JIraslvaak-rd0906101455.wav,Gos,Pogovor o prenehanju financiranja družbeno koristnega dela kot nadomestila za zaporno kazen.,2009-07,-,-,Ljubljana,"Val202, Aktualna",informativno-izobraževalni,radio,5,127,Am-novi-02093 Cf-gost-02095
rog_slovenian_1_0_1_1_manual_prosody::JIraslvavm-rd0906101457.wav,Rog-Go1-Gos043,Gos043,JIraslvavm-rd0906101457.wav,Gos,Pogovor o posledicah in ukrepih ob finančni krizi.,2009-07,-,-,Ljubljana,"Val202, Vroči mikrofon",informativno-izobraževalni,radio,8,165,Af-novi-02087 Bm-gost-02088
rog_slovenian_1_0_1_1_manual_prosody::JIrasvkoso-rd0908250950.wav,Rog-Go1-Gos044,Gos044,JIrasvkoso-rd0908250950.wav,Gos,Intervju z voditeljico centra za otroke in mladostnike.,2009-10,-,-,Slovenj Gradec,"Koroški, intervju",informativno-izobraževalni,radio,1,59,Bf-gost-07002
rog_slovenian_1_0_1_1_manual_prosody::JIrasvmbrt-rd0908250915.wav,Rog-Go1-Gos045,Gos045,JIrasvmbrt-rd0908250915.wav,Gos,Pogovor o stanju mariborskih cest.,2009-11,-,-,Maribor,"Maribor1, Tribuna",informativno-izobraževalni,radio,10,217,Af-mode-02141 Cm-gost-02143
rog_slovenian_1_0_1_1_manual_prosody::JIrasvstin-rd0908311457.wav,Rog-Go1-Gos046,Gos046,JIrasvstin-rd0908311457.wav,Gos,Intervju z znanim francistom.,2009-11,-,-,Šmarje pri Jelšah,"Štajerski, intervju",informativno-izobraževalni,radio,8,161,Af-mode-07011 Bm-gost-07012
rog_slovenian_1_0_1_1_manual_prosody::JIrasvstin-rd0908311500.wav,Rog-Go1-Gos047,Gos047,JIrasvstin-rd0908311500.wav,Gos,Intervju z nagrajenko zlatega grba Občine Kozje.,2009-10,-,-,Šmarje pri Jelšah,"Štajerski, intervju",informativno-izobraževalni,radio,7,155,Af-novi-04534 Bf-inte-04535
rog_slovenian_1_0_1_1_manual_prosody::JIrasvstin-rd0908311503.wav,Rog-Go1-Gos048,Gos048,JIrasvstin-rd0908311503.wav,Gos,Intervju s kostumografinjo in zbirateljico spodnjega perila.,2009-12,-,-,Šmarje pri Jelšah,"Štajerski, intervju",informativno-izobraževalni,radio,11,98,Bf-novi-04534 Cf-gost-07017
rog_slovenian_1_0_1_1_manual_prosody::JIrasvstin-rd0908311504.wav,Rog-Go1-Gos049,Gos049,JIrasvstin-rd0908311504.wav,Gos,Intervju z eno najvidnejših osebnosti na področju kulturnega dogajanja v Slovenski Bistrici.,2009-11,-,-,Šmarje pri Jelšah,"Štajerski, intervju",informativno-izobraževalni,radio,2,128,Cm-gost-07010
rog_slovenian_1_0_1_1_manual_prosody::JIrasvstin-rd0908311506.wav,Rog-Go1-Gos050,Gos050,JIrasvstin-rd0908311506.wav,Gos,Intervju s podjetnikom iz Štajerske.,2009-11,-,-,Šmarje pri Jelšah,"Štajerski, intervju",informativno-izobraževalni,radio,10,180,Cm-gost-07015
rog_slovenian_1_0_1_1_manual_prosody::JIssjzgidr-ak1003221205.wav,Rog-Go1-Gos051,Gos051,JIssjzgidr-ak1003221205.wav,Gos,"Učna ura slovenščine v gimnaziji. Obravnavali so književnost, poezijo. Med uro so obnavljali, kar so se naučili v preteklih urah.",2010-03,lastni posnetek,-,Kranj,"gimnazija, družboslovje",informativno-izobraževalni,osebni stik,15,182,Af-prof-07124 Gf-ucen-07130 Hf-ucen-07131 Jf-ucen-07133 Kf-ucen-07134 Pn-vsiucenci-10000
rog_slovenian_1_0_1_1_manual_prosody::JIssjzgidr-bo0912020845.wav,Rog-Go1-Gos052,Gos052,JIssjzgidr-bo0912020845.wav,Gos,Drugi letnik gimnazije,2009-12,lastni posnetek,-,Ivančna Gorica,"gimnazija, družboslovje",informativno-izobraževalni,osebni stik,10,102,Am-prof-07057 Gm-ucen-07063
rog_slovenian_1_0_1_1_manual_prosody::JIssjzgina-bo0912020755.wav,Rog-Go1-Gos053,Gos053,JIssjzgina-bo0912020755.wav,Gos,"Prvi letnik gimnazije, kemija. Najprej so ponovili snov prejšnje učne ure - zgradbo atoma, nato so se pogovarjali o eksperimentu s pospeševalnikom delcev v Cernu in začeli obravnavati elektrone v elektronskem ovoju.",2009-12,lastni posnetek,-,Ivančna Gorica,"gimnazija, naravoslovje",informativno-izobraževalni,osebni stik,21,112,Af-prof-07037 Dm-ucen-07041 Ff-ucen-07043 Jm-ucen-07047 Nm-ucen-07038 Pm-ucen-07052
rog_slovenian_1_0_1_1_manual_prosody::JIssjzpsdr-bo0911270730.wav,Rog-Go1-Gos054,Gos054,JIssjzpsdr-bo0911270730.wav,Gos,"Prvi letnik poklicne srednje šole, geografija. Tema so Alpe s predalpskim svetom, govorili so o gospodarstvu, poselitvi, pomembnosti regije in razdelitvi regij.",2009-12,lastni posnetek,-,Ljubljana,"poklicna strokovna, družboslovje",informativno-izobraževalni,osebni stik,12,92,Am-prof-07076 Dm-ucen-07079 Gf-ucen-07082 Pn-vsiucenci-10000
rog_slovenian_1_0_1_1_manual_prosody::JIssjzpsdr-bo0911300910.wav,Rog-Go1-Gos055,Gos055,JIssjzpsdr-bo0911300910.wav,Gos,"Prvi letnik poklicne srednje šole, slovenščina. Najprej so ponovili snov - razlika med uradnimi in neuradnimi besedili. Nato so začeli novo temo - besedila glede na namen. Iz učbenika so prebrali nekaj besedil in jih poskušali razvrstiti po namenu (vabilo, predstavitev, izražanje čustvenega odnosa itd.).",2009-12,lastni posnetek,-,Ljubljana,"poklicna strokovna, družboslovje",informativno-izobraževalni,osebni stik,13,121,Af-prof-07085 Bm-ucen-07086 Cm-ucen-07087 Kf-ucen-07095
rog_slovenian_1_0_1_1_manual_prosody::JIssjzpsdr-bo0912021235.wav,Rog-Go1-Gos056,Gos056,JIssjzpsdr-bo0912021235.wav,Gos,"Šolska ura psihologije v četrtem letniku poklicne šole, profesor sprašuje o mišljenju, ustvarjalnosti itd.",2009-12,lastni posnetek,-,Ivančna Gorica,"poklicna strokovna, družboslovje",informativno-izobraževalni,osebni stik,20,143,Af-ucen-02331 Bm-prof-02332 Cm-ucen-02333 Ef-ucen-02335 If-ucen-02339
rog_slovenian_1_0_1_1_manual_prosody::JIssjzpsdr-bo1003011145.wav,Rog-Go1-Gos057,Gos057,JIssjzpsdr-bo1003011145.wav,Gos,"Učna ura v 4. letniku srednje ekonomske šole, psihologija. Učitelj sprašuje učence, teme so: čustva, konflikti itd. Ostali učenci med uro večino časa precej na glas klepetajo.",2010-03,lastni posnetek,-,Ljubljana,"poklicna strokovna, družboslovje",informativno-izobraževalni,osebni stik,14,110,Am-prof-07143 Cm-ucen-07141 Em-ucen-07144
rog_slovenian_1_0_1_1_manual_prosody::JIssjzpsna-bo1003011235.wav,Rog-Go1-Gos058,Gos058,JIssjzpsna-bo1003011235.wav,Gos,"Šolska ura matematike v tretjem letniku poklicne srednje šole, priprave na test.",2010-03,lastni posnetek,-,Ljubljana,"poklicna strokovna, naravoslovje",informativno-izobraževalni,osebni stik,19,147,Am-prof-02300 Lm-ucen-02311
rog_slovenian_1_0_1_1_manual_prosody::JIsssvgidr-ms1001211824.wav,Rog-Go1-Gos059,Gos059,JIsssvgidr-ms1001211824.wav,Gos,Učna ura slovenščine v 3. letniku gimnazije. Tema je povedek.,2010-01,lastni posnetek,-,Slovenske Konjice,"gimnazija, družboslovje",informativno-izobraževalni,osebni stik,17,123,Af-prof-02185 Mf-ucen-02197 Pn-vsiucenci-10000 Rm-ucen-02201
rog_slovenian_1_0_1_1_manual_prosody::JIsssvgina-ms1001211851.wav,Rog-Go1-Gos060,Gos060,JIsssvgina-ms1001211851.wav,Gos,Učna ura matematike v 4. letniku gimnazije. Reševanje vaj in utrjevanje snovi.,2010-01,lastni posnetek,-,Slovenske Konjice,"gimnazija, naravoslovje",informativno-izobraževalni,osebni stik,19,132,Af-prof-02204 Bf-ucen-02205 Cf-ucen-02206 Df-ucen-02207
rog_slovenian_1_0_1_1_manual_prosody::JIsssvpsdr-is0912131924.wav,Rog-Go1-Gos061,Gos061,JIsssvpsdr-is0912131924.wav,Gos,"Učna ura v poklicni strokovni šoli, prvi letnik, slovenščina. Obravnavajo književnost srednjega veka.",2010-07,lastni posnetek,-,Maribor,"poklicna strokovna, družboslovje",informativno-izobraževalni,osebni stik,19,175,Af-prof-05568 Bm-ucen-05569 Gm-ucen-05574 Hm-ucen-05575 Pn-vsiucenci-10000
rog_slovenian_1_0_1_1_manual_prosody::JIsssvpsnr-pv0911260930.wav,Rog-Go1-Gos062,Gos062,JIsssvpsnr-pv0911260930.wav,Gos,"Ura kemije v prvem letniku srednje šole programa elektrotehnike, o zgradbi trdih snovi.",2009-12,lastni posnetek,-,Maribor,"poklicna strokovna, naravoslovje",informativno-izobraževalni,osebni stik,16,145,Af-prof-02174 Em-ucen-02178 Km-ucen-02184
rog_slovenian_1_0_1_1_manual_prosody::JIsssvpsnr-pv0911261100.wav,Rog-Go1-Gos063,Gos063,JIsssvpsnr-pv0911261100.wav,Gos,"Šolska ura tretjega letnika srednje poklicne šole, v kateri obravnavajo sestavo digitalnega vezja.",2009-12,lastni posnetek,-,Maribor,"poklicna strokovna, naravoslovje",informativno-izobraževalni,osebni stik,13,126,Am-prof-07158 Dm-ucen-07161 Fm-ucen-07162
rog_slovenian_1_0_1_1_manual_prosody::JItvslpopr-rd0903232105.wav,Rog-Go1-Gos064,Gos064,JItvslpopr-rd0903232105.wav,Gos,"Vrnitev ženske, žrtve nasilja v družini, na njen dom.",2009-06,-,-,Ljubljana,"PopTV, Preverjeno",informativno-izobraževalni,televizija,2,38,Af-novi-00501 Em-inte-00505
rog_slovenian_1_0_1_1_manual_prosody::JItvslpopr-rd0903232121.wav,Rog-Go1-Gos065,Gos065,JItvslpopr-rd0903232121.wav,Gos,Pregled politične kariere znanega slovenskega politika.,2009-05,-,-,Ljubljana,"PopTV, Preverjeno",informativno-izobraževalni,televizija,1,37,Bm-inte-02501
rog_slovenian_1_0_1_1_manual_prosody::JItvslpopr-rd0903232135.wav,Rog-Go1-Gos066,Gos066,JItvslpopr-rd0903232135.wav,Gos,Reportaža o prevarantskih podjetnikih.,2009-05,-,-,Ljubljana,"PopTV, Preverjeno",informativno-izobraževalni,televizija,4,53,Bf-anke-01503 Df-novi-01501
rog_slovenian_1_0_1_1_manual_prosody::JItvslpopr-rd0903232219.wav,Rog-Go1-Gos067,Gos067,JItvslpopr-rd0903232219.wav,Gos,Doživetje ljubljanskega boljšjega s sejma z enim od prodajalcev na sejmu.,2009-05,-,-,Ljubljana,"PopTV, Preverjeno",informativno-izobraževalni,televizija,4,40,Af-novi-02029 Bm-nast-02030
rog_slovenian_1_0_1_1_manual_prosody::JItvslpopr-rd0903232249.wav,Rog-Go1-Gos068,Gos068,JItvslpopr-rd0903232249.wav,Gos,Pomanjkanje dijakov na šolah z lesarskimi smermi.,2009-05,-,-,Ljubljana,"PopTV, Preverjeno",informativno-izobraževalni,televizija,2,48,Jf-novi-02509 Km-inte-02510
rog_slovenian_1_0_1_1_manual_prosody::JItvslpopr-rd0903232305.wav,Rog-Go1-Gos069,Gos069,JItvslpopr-rd0903232305.wav,Gos,Nevarna šolska pot v Biščah pri Domžalah.,2009-05,-,-,Ljubljana,"PopTV, Preverjeno",informativno-izobraževalni,televizija,4,47,Bf-novi-01501 Hm-anke-04506
rog_slovenian_1_0_1_1_manual_prosody::JItvslpopr-rd0903240741.wav,Rog-Go1-Gos070,Gos070,JItvslpopr-rd0903240741.wav,Gos,Redno zaposleni duhovniki tudi v bolnišnicah in zaporih.,2009-05,-,-,Ljubljana,"PopTV, Preverjeno",informativno-izobraževalni,televizija,1,30,Am-novi-05505
rog_slovenian_1_0_1_1_manual_prosody::JItvslpopr-rd0903240759.wav,Rog-Go1-Gos071,Gos071,JItvslpopr-rd0903240759.wav,Gos,Ženske v politiki.,2009-05,-,-,Ljubljana,"PopTV, Preverjeno",informativno-izobraževalni,televizija,1,70,Ff-inte-05516
rog_slovenian_1_0_1_1_manual_prosody::JItvslpopv-rd0903231214.wav,Rog-Go1-Gos072,Gos072,JItvslpopv-rd0903231214.wav,Gos,Predvolilno soočenje predsednikov strank.,2009-12,-,-,Ljubljana,"PopTV, predvolilna",informativno-izobraževalni,televizija,14,316,Af-novi-03507 Gm-gost-05581 Km-gost-02172
rog_slovenian_1_0_1_1_manual_prosody::JItvslpotr-rd0903291848.wav,Rog-Go1-Gos073,Gos073,JItvslpotr-rd0903291848.wav,Gos,Oddaja z gosti o prodaji večinskega deleža večjega slovenskega trgovskega podjetja.,2009-11,-,-,Ljubljana,"PopTV, Trenja",informativno-izobraževalni,televizija,20,386,Am-novi-02535 Hm-gost-03510 Im-gost-03517 Lm-gost-02115
rog_slovenian_1_0_1_1_manual_prosody::JItvslpotr-rd0903302024.wav,Rog-Go1-Gos074,Gos074,JItvslpotr-rd0903302024.wav,Gos,Oddaja o ministrski ekipi nove vlade.,2009-06,-,-,Ljubljana,"PopTV, Trenja",informativno-izobraževalni,televizija,18,157,Am-novi-02535 Bm-nast-02536 Pm-gost-02549 Qm-gost-02550
rog_slovenian_1_0_1_1_manual_prosody::JItvslpour-rd0904141036.wav,Rog-Go1-Gos075,Gos075,JItvslpour-rd0904141036.wav,Gos,Ameriške predsedniške volitve.,2009-04,-,-,Ljubljana,"PopTV, 24ur",informativno-izobraževalni,televizija,2,29,Nf-novi-03502
rog_slovenian_1_0_1_1_manual_prosody::JItvslpour-rd0904141044.wav,Rog-Go1-Gos076,Gos076,JItvslpour-rd0904141044.wav,Gos,Grafiti na cerkvi.,2009-04,-,-,Ljubljana,"PopTV, 24ur",informativno-izobraževalni,televizija,1,11,Mm-novi-03001
rog_slovenian_1_0_1_1_manual_prosody::JItvslpour-rd0904141046.wav,Rog-Go1-Gos077,Gos077,JItvslpour-rd0904141046.wav,Gos,Krajani zahtevali zaprtje deponije gum v Kidričevem.,2009-04,-,-,Ljubljana,"PopTV, 24ur",informativno-izobraževalni,televizija,1,35,Af-novi-02001
rog_slovenian_1_0_1_1_manual_prosody::JItvslpour-rd0904141243.wav,Rog-Go1-Gos078,Gos078,JItvslpour-rd0904141243.wav,Gos,Prispevek o novem mandatarju.,2009-04,-,-,Ljubljana,"PopTV, 24ur",informativno-izobraževalni,televizija,1,16,Af-novi-02006
rog_slovenian_1_0_1_1_manual_prosody::JItvslpour-rd0904141245.wav,Rog-Go1-Gos079,Gos079,JItvslpour-rd0904141245.wav,Gos,Popust za upokojence.,2009-04,-,-,Ljubljana,"PopTV, 24ur",informativno-izobraževalni,televizija,1,11,Bf-anke-02011
rog_slovenian_1_0_1_1_manual_prosody::JItvslpour-rd0904141247.wav,Rog-Go1-Gos080,Gos080,JItvslpour-rd0904141247.wav,Gos,Poslanci Desusa pripravljeni vstopiti v vlado tudi brez svojega predsednika.,2009-04,-,-,Ljubljana,"PopTV, 24ur",informativno-izobraževalni,televizija,1,34,Dm-nast-03508
rog_slovenian_1_0_1_1_manual_prosody::JItvslpour-rd0904141249.wav,Rog-Go1-Gos081,Gos081,JItvslpour-rd0904141249.wav,Gos,Prisilni dopust v podjetju usnja.,2009-04,-,-,Ljubljana,"PopTV, 24ur",informativno-izobraževalni,televizija,1,11,Sm-inte-03525
rog_slovenian_1_0_1_1_manual_prosody::JItvslpour-rd0904141250.wav,Rog-Go1-Gos082,Gos082,JItvslpour-rd0904141250.wav,Gos,Svinčnik predelan v orožje.,2009-05,-,-,Ljubljana,"PopTV, 24ur",informativno-izobraževalni,televizija,1,27,Mf-inte-04504
rog_slovenian_1_0_1_1_manual_prosody::JItvslpour-rd0904141252.wav,Rog-Go1-Gos083,Gos083,JItvslpour-rd0904141252.wav,Gos,Impro liga v Ljubljani.,2009-05,-,-,Ljubljana,"PopTV, 24ur",informativno-izobraževalni,televizija,1,23,Rm-anke-01514
rog_slovenian_1_0_1_1_manual_prosody::JItvslpour-rd0904150901.wav,Rog-Go1-Gos084,Gos084,JItvslpour-rd0904150901.wav,Gos,Novi predsednik ZDA.,2009-05,-,-,Ljubljana,"PopTV, 24ur",informativno-izobraževalni,televizija,2,19,Em-novi-03501
rog_slovenian_1_0_1_1_manual_prosody::JItvslpour-rd0904150906.wav,Rog-Go1-Gos085,Gos085,JItvslpour-rd0904150906.wav,Gos,O pridržanih vinjenih voznikih.,2009-09,-,-,Ljubljana,"PopTV, 24ur",informativno-izobraževalni,televizija,1,20,Bm-inte-05001
rog_slovenian_1_0_1_1_manual_prosody::JItvslpour-rd0904150908.wav,Rog-Go1-Gos086,Gos086,JItvslpour-rd0904150908.wav,Gos,Požar v kliničnem centru.,2009-05,-,-,Ljubljana,"PopTV, 24ur",informativno-izobraževalni,televizija,1,25,Bm-anke-01520
rog_slovenian_1_0_1_1_manual_prosody::JItvslpour-rd0904150911.wav,Rog-Go1-Gos087,Gos087,JItvslpour-rd0904150911.wav,Gos,Predsednik Slovenije o zmagi novega ameriškega predsednika.,2009-04,-,-,Ljubljana,"PopTV, 24ur",informativno-izobraževalni,televizija,1,27,Dm-inte-02007
rog_slovenian_1_0_1_1_manual_prosody::JItvslpour-rd0904150912.wav,Rog-Go1-Gos088,Gos088,JItvslpour-rd0904150912.wav,Gos,Priznanja za hrabrost.,2009-05,-,-,Ljubljana,"PopTV, 24ur",informativno-izobraževalni,televizija,1,28,Af-novi-00001
rog_slovenian_1_0_1_1_manual_prosody::JItvslpour-rd0904150914.wav,Rog-Go1-Gos089,Gos089,JItvslpour-rd0904150914.wav,Gos,Prodaja večjega slovenskega trgovskega podjetja tujcem.,2009-04,-,-,Ljubljana,"PopTV, 24ur",informativno-izobraževalni,televizija,3,34,Pf-novi-03503
rog_slovenian_1_0_1_1_manual_prosody::JItvslpour-rd0904150917.wav,Rog-Go1-Gos090,Gos090,JItvslpour-rd0904150917.wav,Gos,Slovenska sončna elektrarna.,2009-04,-,-,Ljubljana,"PopTV, 24ur",informativno-izobraževalni,televizija,1,20,Pm-inte-03513
rog_slovenian_1_0_1_1_manual_prosody::JItvslpour-rd0904150918.wav,Rog-Go1-Gos091,Gos091,JItvslpour-rd0904150918.wav,Gos,Znani slovenski novinar v studiu komentira izbor novega ameriškega predsednika.,2009-04,-,-,Ljubljana,"PopTV, 24ur",informativno-izobraževalni,televizija,1,24,Vm-gost-03514
rog_slovenian_1_0_1_1_manual_prosody::JItvslpour-rd0904150920.wav,Rog-Go1-Gos092,Gos092,JItvslpour-rd0904150920.wav,Gos,Visoke temperature motijo ritem živali.,2009-05,-,-,Ljubljana,"PopTV, 24ur",informativno-izobraževalni,televizija,1,16,Bm-nast-04001
rog_slovenian_1_0_1_1_manual_prosody::JItvslpour-rd0904150922.wav,Rog-Go1-Gos093,Gos093,JItvslpour-rd0904150922.wav,Gos,Zaposleni v davčni upravi razburjeni.,2009-04,-,-,Ljubljana,"PopTV, 24ur",informativno-izobraževalni,televizija,1,23,Nf-inte-03523
rog_slovenian_1_0_1_1_manual_prosody::JItvslpour-rd0904150959.wav,Rog-Go1-Gos094,Gos094,JItvslpour-rd0904150959.wav,Gos,Nova vlada skoraj oblikovana.,2009-04,-,-,Ljubljana,"PopTV, 24ur",informativno-izobraževalni,televizija,1,31,Sf-novi-02006
rog_slovenian_1_0_1_1_manual_prosody::JItvslpour-rd0904151003.wav,Rog-Go1-Gos095,Gos095,JItvslpour-rd0904151003.wav,Gos,Nove podražitve.,2009-05,-,-,Ljubljana,"PopTV, 24ur",informativno-izobraževalni,televizija,1,24,Am-anke-01518
rog_slovenian_1_0_1_1_manual_prosody::JItvslpour-rd0904151004.wav,Rog-Go1-Gos096,Gos096,JItvslpour-rd0904151004.wav,Gos,Pocenitev zdravil.,2009-05,-,-,Ljubljana,"PopTV, 24ur",informativno-izobraževalni,televizija,1,11,Bf-inte-05502
rog_slovenian_1_0_1_1_manual_prosody::JItvslpour-rd0904151207.wav,Rog-Go1-Gos097,Gos097,JItvslpour-rd0904151207.wav,Gos,Policija pridržala 176 voznikov na Martinov konec tedna.,2009-04,-,-,Ljubljana,"PopTV, 24ur",informativno-izobraževalni,televizija,1,44,Rm-inte-03531
rog_slovenian_1_0_1_1_manual_prosody::JItvslpour-rd0904151208.wav,Rog-Go1-Gos098,Gos098,JItvslpour-rd0904151208.wav,Gos,Razdelitev resorjev v novi vladi.,2009-04,-,-,Ljubljana,"PopTV, 24ur",informativno-izobraževalni,televizija,1,11,Kf-novi-03516
rog_slovenian_1_0_1_1_manual_prosody::JItvslpour-rd0904151210.wav,Rog-Go1-Gos099,Gos099,JItvslpour-rd0904151210.wav,Gos,Sodba v prid učitelju.,2009-06,-,-,Ljubljana,"PopTV, 24ur",informativno-izobraževalni,televizija,1,19,Am-inte-03538
rog_slovenian_1_0_1_1_manual_prosody::JItvslpour-rd0904151211.wav,Rog-Go1-Gos100,Gos100,JItvslpour-rd0904151211.wav,Gos,Svetovno prvenstvo v bodybuildingu na Obali.,2010-07,-,-,Ljubljana,"PopTV, 24ur",informativno-izobraževalni,televizija,1,31,Am-novi-05591
rog_slovenian_1_0_1_1_manual_prosody::JItvslpour-rd0904151213.wav,Rog-Go1-Gos101,Gos101,JItvslpour-rd0904151213.wav,Gos,Težave v vladi z dvema resorjema.,2009-04,-,-,Ljubljana,"PopTV, 24ur",informativno-izobraževalni,televizija,1,32,Sm-inte-03504
rog_slovenian_1_0_1_1_manual_prosody::JItvslpour-rd0904151214.wav,Rog-Go1-Gos102,Gos102,JItvslpour-rd0904151214.wav,Gos,Učitelji najverjetneje ne bodo tožili.,2009-04,-,-,Ljubljana,"PopTV, 24ur",informativno-izobraževalni,televizija,1,36,Pf-novi-03534
rog_slovenian_1_0_1_1_manual_prosody::JItvslpour-rd0904151218.wav,Rog-Go1-Gos103,Gos103,JItvslpour-rd0904151218.wav,Gos,Vreme vpliva na počutje.,2009-05,-,-,Ljubljana,"PopTV, 24ur",informativno-izobraževalni,televizija,1,22,Bm-anke-02024
rog_slovenian_1_0_1_1_manual_prosody::JItvslpour-rd0904151220.wav,Rog-Go1-Gos104,Gos104,JItvslpour-rd0904151220.wav,Gos,Zdravilo proti raku na želodcu.,2009-10,-,-,Ljubljana,"PopTV, 24ur",informativno-izobraževalni,televizija,1,17,Gm-inte-01602
rog_slovenian_1_0_1_1_manual_prosody::JItvslpour-rd0904151228.wav,Rog-Go1-Gos105,Gos105,JItvslpour-rd0904151228.wav,Gos,Snemanje spota o omejeni rabi antibiotikov.,2008-10,-,-,Ljubljana,"PopTV, 24ur",informativno-izobraževalni,televizija,1,9,Dm-anke-00027
rog_slovenian_1_0_1_1_manual_prosody::JItvslpour-rd0904151236.wav,Rog-Go1-Gos106,Gos106,JItvslpour-rd0904151236.wav,Gos,Televizijski prispevek o smrti pevke Miriam Makeba.,2009-09,-,-,Ljubljana,"PopTV, 24ur",informativno-izobraževalni,televizija,1,34,Jf-novi-04532
rog_slovenian_1_0_1_1_manual_prosody::JItvslpour-rd0904151317.wav,Rog-Go1-Gos107,Gos107,JItvslpour-rd0904151317.wav,Gos,Afera Patria.,2009-09,-,-,Ljubljana,"PopTV, 24ur",informativno-izobraževalni,televizija,1,20,Xm-novi-00010
rog_slovenian_1_0_1_1_manual_prosody::JItvslpour-rd0904151318.wav,Rog-Go1-Gos108,Gos108,JItvslpour-rd0904151318.wav,Gos,Banke slabo kreditirajo gospodarstvo.,-,-,-,Ljubljana,"PopTV, 24ur",informativno-izobraževalni,televizija,2,13,Am-anke-00008
rog_slovenian_1_0_1_1_manual_prosody::JItvslpour-rd0904151320.wav,Rog-Go1-Gos109,Gos109,JItvslpour-rd0904151320.wav,Gos,Komentar člana vrhovnega sodišča o odločbi sodišča.,2009-04,-,-,Ljubljana,"PopTV, 24ur",informativno-izobraževalni,televizija,2,66,Af-novi-03507
rog_slovenian_1_0_1_1_manual_prosody::JItvslpour-rd0904151330.wav,Rog-Go1-Gos110,Gos110,JItvslpour-rd0904151330.wav,Gos,Kršenje delovnih pravic.,2009-04,-,-,Ljubljana,"PopTV, 24ur",informativno-izobraževalni,televizija,1,38,Ef-novi-04501
rog_slovenian_1_0_1_1_manual_prosody::JItvslpour-rd0904151332.wav,Rog-Go1-Gos111,Gos111,JItvslpour-rd0904151332.wav,Gos,Sestanek kandidatov za ministre.,2009-09,-,-,Ljubljana,"PopTV, 24ur",informativno-izobraževalni,televizija,2,15,Pf-anke-00019
rog_slovenian_1_0_1_1_manual_prosody::JItvslpour-rd0904151335.wav,Rog-Go1-Gos112,Gos112,JItvslpour-rd0904151335.wav,Gos,Družinska tragedija v Brežicah.,2009-09,-,-,Ljubljana,"PopTV, 24ur",informativno-izobraževalni,televizija,3,20,Kf-novi-00001 Tf-anke-00003
rog_slovenian_1_0_1_1_manual_prosody::JItvslslod-rd0905280739.wav,Rog-Go1-Gos113,Gos113,JItvslslod-rd0905280739.wav,Gos,Intervju o gospodarski krizi v industriji.,2009-10,-,-,Ljubljana,"TVSlo, Odmevi",informativno-izobraževalni,televizija,2,78,Bm-inte-07502 Rf-novi-01604
rog_slovenian_1_0_1_1_manual_prosody::JItvslslod-rd0905280742.wav,Rog-Go1-Gos114,Gos114,JItvslslod-rd0905280742.wav,Gos,Pogovor z gosti o kazenskem zakoniku in njegovih slabostih.,2009-10,-,-,Ljubljana,"TVSlo, Odmevi",informativno-izobraževalni,televizija,4,74,Ef-mode-01604
rog_slovenian_1_0_1_1_manual_prosody::JItvslslod-rd0905280744.wav,Rog-Go1-Gos115,Gos115,JItvslslod-rd0905280744.wav,Gos,Intervju s tremi politiki o predsedniku ZDA Obami.,2009-07,-,-,Ljubljana,"TVSlo, Odmevi",informativno-izobraževalni,televizija,3,68,Af-mode-07152 Cm-gost-02503
rog_slovenian_1_0_1_1_manual_prosody::JItvslslod-rd0905280747.wav,Rog-Go1-Gos116,Gos116,JItvslslod-rd0905280747.wav,Gos,Intervju na temo prodaje Mercatorja.,2009-11,-,-,Ljubljana,"TVSlo, Odmevi",informativno-izobraževalni,televizija,6,140,Bm-gost-03509 Sm-novi-07003
rog_slovenian_1_0_1_1_manual_prosody::JItvslslod-rd0905280749.wav,Rog-Go1-Gos117,Gos117,JItvslslod-rd0905280749.wav,Gos,Pogovor s predstavniki poslanskih skupin o novi vladi.,2009-10,-,-,Ljubljana,"TVSlo, Odmevi",informativno-izobraževalni,televizija,2,79,Am-mode-07003 Dm-gost-07006
rog_slovenian_1_0_1_1_manual_prosody::JItvslslod-rd0905280751.wav,Rog-Go1-Gos118,Gos118,JItvslslod-rd0905280751.wav,Gos,Intervju na temo odločbe o ustanovitvi nove univerze v Novi Gorici.,2009-10,-,-,Ljubljana,"TVSlo, Odmevi",informativno-izobraževalni,televizija,4,87,Tm-novi-09001
rog_slovenian_1_0_1_1_manual_prosody::JItvslslod-rd0905280755.wav,Rog-Go1-Gos119,Gos119,JItvslslod-rd0905280755.wav,Gos,Intervju z direktorjem železnic o poslovanju uprave in upravičenosti do izplačila božičnice.,2010-07,-,-,Ljubljana,"TVSlo, Odmevi",informativno-izobraževalni,televizija,3,108,Bm-gost-07155
rog_slovenian_1_0_1_1_manual_prosody::JItvslslod-rd0905280757.wav,Rog-Go1-Gos120,Gos120,JItvslslod-rd0905280757.wav,Gos,Pogovor s politikom o odnosih med Hrvaško in Slovenijo.,2010-09,-,-,Ljubljana,"TVSlo, Odmevi",informativno-izobraževalni,televizija,6,52,Mm-gost-01605 Of-novi-01604
rog_slovenian_1_0_1_1_manual_prosody::JItvslslod-rd1009160948.wav,Rog-Go1-Gos121,Gos121,JItvslslod-rd1009160948.wav,Gos,Slovenija pojasnjuje svoj 'ne' Hrvaški pri nadaljevanju pogajanj za vstop v EU.,2010-09,-,-,Ljubljana,"TVSlo, Odmevi",informativno-izobraževalni,televizija,8,119,Am-mode-07003 Dm-gost-07198
rog_slovenian_1_0_1_1_manual_prosody::JItvslslod-rd1009160957.wav,Rog-Go1-Gos122,Gos122,JItvslslod-rd1009160957.wav,Gos,Pomoč države podjetjem v času krize.,2010-09,-,-,Ljubljana,"TVSlo, Odmevi",informativno-izobraževalni,televizija,3,64,Am-mode-07003 Cm-gost-00015
rog_slovenian_1_0_1_1_manual_prosody::JItvslslpo-rd0905270932.wav,Rog-Go1-Gos123,Gos123,JItvslslpo-rd0905270932.wav,Gos,"Oddaja z gosti o mirovnih operacijah in prisotnosti slovenskih vojakov v Iraku, Afganistanu ter na Kosovu.",2009-11,-,-,Ljubljana,"TVSlo, Polemika",informativno-izobraževalni,televizija,14,329,Lf-gost-05513 Vm-novi-01606
rog_slovenian_1_0_1_1_manual_prosody::JItvslslpo-rd0905270939.wav,Rog-Go1-Gos124,Gos124,JItvslslpo-rd0905270939.wav,Gos,"Oddaja z gosti o izraelskih napadih na Gazo in o tem, kakšne so možnosti mirnega sobivanja Palestincev in Izraelcev na tem območju.",2009-11,-,-,Ljubljana,"TVSlo, Polemika",informativno-izobraževalni,televizija,13,283,Am-novi-02133 Gf-novi-02137
rog_slovenian_1_0_1_1_manual_prosody::JItvslslsc-rd0905271043.wav,Rog-Go1-Gos125,Gos125,JItvslslsc-rd0905271043.wav,Gos,Intervju o načrtih politične opozicije v Sloveniji.,2009-10,-,-,Ljubljana,"TVSlo, StudioCity",informativno-izobraževalni,televizija,6,89,Sm-novi-06570
rog_slovenian_1_0_1_1_manual_prosody::JItvslslsc-rd0905271046.wav,Rog-Go1-Gos126,Gos126,JItvslslsc-rd0905271046.wav,Gos,Intervju o težavah večjega slovenskega holdinga.,2009-10,-,-,Ljubljana,"TVSlo, StudioCity",informativno-izobraževalni,televizija,6,85,Im-gost-06571 Sm-novi-06570
rog_slovenian_1_0_1_1_manual_prosody::JItvslslsc-rd0905271047.wav,Rog-Go1-Gos127,Gos127,JItvslslsc-rd0905271047.wav,Gos,Intervju o slovenskih vojaških operacijah v tujini.,2009-10,-,-,Ljubljana,"TVSlo, StudioCity",informativno-izobraževalni,televizija,5,86,Lf-gost-05513 Sm-novi-06570
rog_slovenian_1_0_1_1_manual_prosody::JItvslslsc-rd0905271049.wav,Rog-Go1-Gos128,Gos128,JItvslslsc-rd0905271049.wav,Gos,Intervju o slovenski polpretekli zgodovini.,2009-10,-,-,Ljubljana,"TVSlo, StudioCity",informativno-izobraževalni,televizija,5,81,Fm-gost-06571 Sm-novi-06570
rog_slovenian_1_0_1_1_manual_prosody::JItvslslsc-rd0905271057.wav,Rog-Go1-Gos129,Gos129,JItvslslsc-rd0905271057.wav,Gos,Intervju o težavah slovenske policije.,2009-10,-,-,Ljubljana,"TVSlo, StudioCity",informativno-izobraževalni,televizija,4,83,Sf-gost-00013 Sm-novi-06570
rog_slovenian_1_0_1_1_manual_prosody::JRrajzbejp-rd0907171241.wav,Rog-Go1-Gos130,Gos130,JRrajzbejp-rd0907171241.wav,Gos,Jutranji program radia.,2009-07,-,-,Kranj,"Belvi, jutranji",razvedrilni,radio,14,219,Af-novi-06518 Bm-novi-06519
rog_slovenian_1_0_1_1_manual_prosody::JRrajzbejp-rd0907171245.wav,Rog-Go1-Gos131,Gos131,JRrajzbejp-rd0907171245.wav,Gos,Jutranji program radia.,2009-08,-,-,Kranj,"Belvi, jutranji",razvedrilni,radio,9,110,Bm-novi-06519
rog_slovenian_1_0_1_1_manual_prosody::JRrajzbejp-rd0907171248.wav,Rog-Go1-Gos132,Gos132,JRrajzbejp-rd0907171248.wav,Gos,Jutranji program radia.,2009-08,-,-,Kranj,"Belvi, jutranji",razvedrilni,radio,3,83,Af-novi-06518 Bm-novi-06519
rog_slovenian_1_0_1_1_manual_prosody::JRrajzbejp-rd0907171249.wav,Rog-Go1-Gos133,Gos133,JRrajzbejp-rd0907171249.wav,Gos,Jutranji program radia.,2009-08,-,-,Kranj,"Belvi, jutranji",razvedrilni,radio,3,85,Af-novi-06518 Bm-novi-06519
rog_slovenian_1_0_1_1_manual_prosody::JRrajzbejp-rd0907171250.wav,Rog-Go1-Gos134,Gos134,JRrajzbejp-rd0907171250.wav,Gos,Jutranji program radia.,2009-08,-,-,Kranj,"Belvi, jutranji",razvedrilni,radio,7,121,Af-novi-06518 Bm-novi-06519 Hm-nast-06559
rog_slovenian_1_0_1_1_manual_prosody::JRrajzcajp-rd0907171252.wav,Rog-Go1-Gos135,Gos135,JRrajzcajp-rd0907171252.wav,Gos,Jutranji program radia.,2009-11,-,-,Koper,"Capris, jutranji",razvedrilni,radio,31,370,Am-mode-05620 Bm-mode-05621 Lm-nast-05625 Nm-posl-05638
rog_slovenian_1_0_1_1_manual_prosody::JRrajzcajp-rd0907171301.wav,Rog-Go2-Gos136,Gos136,JRrajzcajp-rd0907171301.wav,Gos,"Jutranji program radia, rdeča nit oddaje je odnos do resnice in laži.",2010-01,-,-,Koper,"Capris, jutranji",razvedrilni,radio,59,867,Am-mode-05620 Cm-mode-05621
rog_slovenian_1_0_1_1_manual_prosody::JRrajzcajp-rd0907171303.wav,Rog-Go1-Gos137,Gos137,JRrajzcajp-rd0907171303.wav,Gos,Jutranji program radia.,2009-10,-,-,Koper,"Capris, jutranji",razvedrilni,radio,34,316,Am-mode-05620 Bm-mode-05621 Jm-posl-05627
rog_slovenian_1_0_1_1_manual_prosody::JRrajzkkna-rd0906111426.wav,Rog-Go2-Gos138,Gos138,JRrajzkkna-rd0906111426.wav,Gos,Nagradni kviz - poslušalca se v dvoboju pomerita v poznavanju krajev na črko i.,2009-07,-,-,Novo mesto,"Krka, potovanja",razvedrilni,radio,84,741,Dm-posl-04530 Mm-posl-04531 Sf-mode-04529
rog_slovenian_1_0_1_1_manual_prosody::JRramarmpo-dm1007091314.wav,Rog-Go1-Gos139,Gos139,JRramarmpo-dm1007091314.wav,Gos,Radijski pogovor med novinarjem in starejšo prebivalko Porabja (Gornji Senik) o vsakdanjih dogodkih v preteklosti.,2010-07,-,-,Monošter,moderirani pogovor,razvedrilni,radio,10,173,Am-novi-10501 If-inte-10503
rog_slovenian_1_0_1_1_manual_prosody::JRramarmpo-dm1007091342.wav,Rog-Go1-Gos140,Gos140,JRramarmpo-dm1007091342.wav,Gos,Radijski pogovor med novinarjem in starejšo prebivalko Porabja (Stevanovci) o dogodkih v preteklosti.,2010-07,-,-,Monošter,moderirani pogovor,razvedrilni,radio,7,101,Am-novi-10501 Bf-inte-10502
rog_slovenian_1_0_1_1_manual_prosody::JRraslcejp-rd0906101524.wav,Rog-Go1-Gos141,Gos141,JRraslcejp-rd0906101524.wav,Gos,Jutranji program radia.,2009-07,-,-,Maribor,"Center, jutranji",razvedrilni,radio,18,224,Am-novi-02066 Cf-novi-02068 Kf-posl-02076
rog_slovenian_1_0_1_1_manual_prosody::JRraslvans-rd0906101501.wav,Rog-Go1-Gos142,Gos142,JRraslvans-rd0906101501.wav,Gos,Pogovor s pevko o nastajanju in izdaji nove plošče.,2009-07,-,-,Ljubljana,"Val202, Na sceni",razvedrilni,radio,16,221,Am-novi-02044 Bf-gost-02045
rog_slovenian_1_0_1_1_manual_prosody::JRraslvans-rd0906101503.wav,Rog-Go1-Gos143,Gos143,JRraslvans-rd0906101503.wav,Gos,Pogovor z gostoma iz glasbene skupine o izdaji nove plošče.,2009-10,-,-,Ljubljana,"Val202, Na sceni",razvedrilni,radio,8,167,Am-novi-02044 Bm-inte-02099 Cm-inte-02100
rog_slovenian_1_0_1_1_manual_prosody::JRrasvcijp-rd0908250924.wav,Rog-Go1-Gos144,Gos144,JRrasvcijp-rd0908250924.wav,Gos,Jutranji program radia.,2009-11,-,-,Maribor,"City, jutranji",razvedrilni,radio,25,355,Bm-mode-01016 Dm-mode-01017
rog_slovenian_1_0_1_1_manual_prosody::JRrasvcijp-rd0908250930.wav,Rog-Go1-Gos145,Gos145,JRrasvcijp-rd0908250930.wav,Gos,"Jutranji program: vsakdanje teme (zimsko vreme, služba), čestitke, nagradna igra.",2009-12,-,-,Maribor,"City, jutranji",razvedrilni,radio,33,268,Dm-mode-01017 Ef-mode-01018 Mm-posl-01032
rog_slovenian_1_0_1_1_manual_prosody::JRrasvcijp-rd0908250932.wav,Rog-Go1-Gos146,Gos146,JRrasvcijp-rd0908250932.wav,Gos,"Jutranji program: vsakdanje teme (zimsko vreme, služba), nagradna igra.",2009-12,-,-,Maribor,"City, jutranji",razvedrilni,radio,17,201,Dm-mode-01017 Ef-mode-01018
rog_slovenian_1_0_1_1_manual_prosody::JRrasvfajp-rd0908250936.wav,Rog-Go1-Gos147,Gos147,JRrasvfajp-rd0908250936.wav,Gos,Jutranji program radia.,2009-11,-,-,Škofja vas,"Fantasy, jutranji",razvedrilni,radio,4,98,Am-mode-02120
rog_slovenian_1_0_1_1_manual_prosody::JRrasvkoso-rd0908250942.wav,Rog-Go1-Gos148,Gos148,JRrasvkoso-rd0908250942.wav,Gos,Intervju s popotnikom iz Irana.,2009-10,-,-,Slovenj Gradec,"Koroški, intervju",razvedrilni,radio,5,77,Pf-novi-01004
rog_slovenian_1_0_1_1_manual_prosody::JRrasvkoso-rd0908250945.wav,Rog-Go1-Gos149,Gos149,JRrasvkoso-rd0908250945.wav,Gos,Intervju z uspešno slovensko smučarko.,2009-10,-,-,Slovenj Gradec,"Koroški, intervju",razvedrilni,radio,5,130,Mf-inte-01007
rog_slovenian_1_0_1_1_manual_prosody::JRrasvkoso-rd0908250947.wav,Rog-Go1-Gos150,Gos150,JRrasvkoso-rd0908250947.wav,Gos,Intervju z radijskim napovedovalcem.,2009-10,-,-,Slovenj Gradec,"Koroški, intervju",razvedrilni,radio,6,45,Gm-novi-01008 Jm-inte-01009
rog_slovenian_1_0_1_1_manual_prosody::JRrasvkoso-rd0908250953.wav,Rog-Go1-Gos151,Gos151,JRrasvkoso-rd0908250953.wav,Gos,Intervju s strokovnjakom o prenovljeni lokalni meteorološki postaji.,2009-10,-,-,Slovenj Gradec,"Koroški, intervju",razvedrilni,radio,3,113,Bm-inte-01002 Xm-novi-01001
rog_slovenian_1_0_1_1_manual_prosody::JRrasvkost-rd0908250958.wav,Rog-Go1-Gos152,Gos152,JRrasvkost-rd0908250958.wav,Gos,Študentska oddaja.,2009-10,-,-,Slovenj Gradec,"Koroški, Salter",razvedrilni,radio,10,94,Tf-mode-01013 Zf-mode-01014
rog_slovenian_1_0_1_1_manual_prosody::JRrasvkost-rd0908251001.wav,Rog-Go1-Gos153,Gos153,JRrasvkost-rd0908251001.wav,Gos,Študentska radijska oddaja.,2009-10,-,-,Slovenj Gradec,"Koroški, Salter",razvedrilni,radio,13,113,Af-mode-01010 Tf-mode-01013 Zf-mode-01014
rog_slovenian_1_0_1_1_manual_prosody::JRrasvmbjp-rd0908250921.wav,Rog-Go1-Gos154,Gos154,JRrasvmbjp-rd0908250921.wav,Gos,Jutranji program radia.,2009-11,-,-,Maribor,"Maribor1, jutranji",razvedrilni,radio,10,121,Hf-mode-07518 Mm-inte-07510
rog_slovenian_1_0_1_1_manual_prosody::JRrasvmvge-rd0908251007.wav,Rog-Go1-Gos155,Gos155,JRrasvmvge-rd0908251007.wav,Gos,"Lokalna radijska oddaja, v kateri poslušalcem izpolnjujejo glasbene želje.",2010-09,-,-,Ljutomer,"Maxi, Pižama bar",razvedrilni,radio,34,296,Bm-posl-10506 Dm-mode-10505 Ff-posl-10507 Pm-mode-10504
rog_slovenian_1_0_1_1_manual_prosody::JRrasvmvzd-rd0908251004.wav,Rog-Go1-Gos156,Gos156,JRrasvmvzd-rd0908251004.wav,Gos,"Glasbena oddaja o domači glasbi z gosti, nagradno igro ipd.",2010-03,-,-,Ljutomer,"Maxi, Pod brajdami",razvedrilni,radio,11,147,Jm-gost-08504 Rm-mode-08503
rog_slovenian_1_0_1_1_manual_prosody::JRtvslpoas-rd0904220925.wav,Rog-Go1-Gos157,Gos157,JRtvslpoas-rd0904220925.wav,Gos,"Razvedrilni TV šov v nedeljo zvečer z dvema voditeljema in gostjo, pevko v slovenski zabavnoglasbeni skupini.",2009-07,-,-,Ljubljana,"PopTV, As ti tud",razvedrilni,televizija,25,290,Am-novi-02048 Bm-novi-02049 Cf-gost-00510
rog_slovenian_1_0_1_1_manual_prosody::JRtvslpoas-rd0904221512.wav,Rog-Go1-Gos158,Gos158,JRtvslpoas-rd0904221512.wav,Gos,"Večerni razvedrilni TV-šov z gostjo, znano slovensko pevko.",2010-07,-,-,Ljubljana,"PopTV, As ti tud",razvedrilni,televizija,22,261,Af-gost-09027 Cm-mode-02049 Em-mode-02048
rog_slovenian_1_0_1_1_manual_prosody::JRtvslpoas-rd0904231043.wav,Rog-Go2-Gos159,Gos159,JRtvslpoas-rd0904231043.wav,Gos,"Razvedrilni TV-šov v nedeljo zvečer z dvema voditeljema in gostom, znanim slovenskim igralcem in gledališčnikom.",2009-08,-,-,Ljubljana,"PopTV, As ti tud",razvedrilni,televizija,92,985,Gm-novi-02048 Om-gost-06560 Sm-novi-02049
rog_slovenian_1_0_1_1_manual_prosody::JRtvslpode-rd0904200926.wav,Rog-Go1-Gos160,Gos160,JRtvslpode-rd0904200926.wav,Gos,"Kuharska oddaja, kuhanje petelina v vinu, prisoten tudi gost v studiu.",2009-10,-,-,Ljubljana,"PopTV, Desetka",razvedrilni,televizija,17,103,Bm-nast-00022 Um-nast-00021
rog_slovenian_1_0_1_1_manual_prosody::JRtvslpode-rd0904200931.wav,Rog-Go1-Gos161,Gos161,JRtvslpode-rd0904200931.wav,Gos,Televizijska kuharska oddaja z znano gostjo; kuhanje špagetov s školjkami.,2009-12,-,-,Ljubljana,"PopTV, Desetka",razvedrilni,televizija,21,419,Bm-nast-00022 Um-nast-00021
rog_slovenian_1_0_1_1_manual_prosody::JRtvslpokm-rd0905151406.wav,Rog-Go1-Gos162,Gos162,JRtvslpokm-rd0905151406.wav,Gos,"Resničnostni šov, v katerem udeleženci živijo na kmetiji.",2009-08,-,-,Ljubljana,"PopTV, Kmetija",razvedrilni,televizija,18,200,Am-nast-00509 Dm-nast-00512 Em-nast-00513
rog_slovenian_1_0_1_1_manual_prosody::JRtvslpokm-rd0905151410.wav,Rog-Go1-Gos163,Gos163,JRtvslpokm-rd0905151410.wav,Gos,"Resničnostni šov, v katerem udeleženci živijo na kmetiji. Večerna oddaja.",2009-07,-,-,Ljubljana,"PopTV, Kmetija",razvedrilni,televizija,15,130,Em-nast-00513 Fm-nast-00514 Gf-nast-00515 Hf-nast-00516
rog_slovenian_1_0_1_1_manual_prosody::JRtvslpovp-rd0904201545.wav,Rog-Go1-Gos164,Gos164,JRtvslpovp-rd0904201545.wav,Gos,Televizijska igra na srečo - posebna oddaja z znanimi osebnostmi.,2009-12,-,-,Ljubljana,"PopTV, Vzemi ali pusti",razvedrilni,televizija,66,533,Af-gost-06561 Mm-gost-09018 Tf-nast-09007 Yn-posl-00000 Zm-mode-00026
rog_slovenian_1_0_1_1_manual_prosody::JRtvslslnl-rd0905221433.wav,Rog-Go1-Gos165,Gos165,JRtvslslnl-rd0905221433.wav,Gos,"Pogovor z znano igralko in njenimi prijatelji o gledališču, filmu in njenem zasebnem življenju.",2009-11,-,-,Ljubljana,"TVSlo, NLP",razvedrilni,televizija,20,299,Af-gost-02157 Bm-novi-02158 Cf-novi-02159
rog_slovenian_1_0_1_1_manual_prosody::JRtvslslnl-rd0905221437.wav,Rog-Go1-Gos166,Gos166,JRtvslslnl-rd0905221437.wav,Gos,Pogovor z znano osebo s področja smučanja o smučanju in o njegovem zasebnem življenju.,2009-11,-,-,Ljubljana,"TVSlo, NLP",razvedrilni,televizija,18,334,Af-novi-02159 Cm-gost-02163
rog_slovenian_1_0_1_1_manual_prosody::JRtvslslpi-rd0905250924.wav,Rog-Go2-Gos167,Gos167,JRtvslslpi-rd0905250924.wav,Gos,"Zabavna TV oddaja z znanimi gosti, teme so slovensko-hrvaški odnosi, slovenski nacionalni značaj, metanje čevljev v politike...",2009-11,-,-,Ljubljana,"TVSlo, Piramida",razvedrilni,televizija,56,857,Df-mode-06573 If-nast-06574 Jm-nast-06577 Tm-nast-06575 Zf-nast-05502
rog_slovenian_1_0_1_1_manual_prosody::JRtvslslsp-rd0905200815.wav,Rog-Go1-Gos168,Gos168,JRtvslslsp-rd0905200815.wav,Gos,Finale velaslaloma za ženske v Aareju - prvi tek.,2009-07,-,-,Ljubljana,"TVSlo, šport",razvedrilni,televizija,9,174,Am-novi-02099 Bm-novi-02092
rog_slovenian_1_0_1_1_manual_prosody::JRtvslslsp-rd0905200820.wav,Rog-Go1-Gos169,Gos169,JRtvslslsp-rd0905200820.wav,Gos,Finale velaslaloma za ženske v Aareju - drugi tek.,2009-08,-,-,Ljubljana,"TVSlo, šport",razvedrilni,televizija,12,181,Am-mode-02099 Bm-mode-02092
rog_slovenian_1_0_1_1_manual_prosody::JRtvslslsp-rd0905200825.wav,Rog-Go1-Gos170,Gos170,JRtvslslsp-rd0905200825.wav,Gos,Nogomet - kvalifikacije za SP 2010 (Poljska - Severna Irska) - prvi polčas.,2009-08,-,-,Ljubljana,"TVSlo, šport",razvedrilni,televizija,11,141,Am-mode-00518
rog_slovenian_1_0_1_1_manual_prosody::JRtvslslsp-rd0905200826.wav,Rog-Go1-Gos171,Gos171,JRtvslslsp-rd0905200826.wav,Gos,Nogomet - kvalifikacije za SP 2010 (Poljska - Severna Irska) - drugi polčas.,2009-07,-,-,Ljubljana,"TVSlo, šport",razvedrilni,televizija,9,128,Am-mode-00518
rog_slovenian_1_0_1_1_manual_prosody::NNosgopods-kk0905222006.wav,Rog-Go1-Gos172,Gos172,NNosgopods-kk0905222006.wav,Gos,"Sestanek učiteljic, razpravljajo o nadomešcanju izostale učiteljice, načrtujejo šolsko delo prihajajočega tedna.",2009-07,lastni posnetek,-,Dobravlje,formalni delovni sestanek,nezasebni,osebni stik,10,158,Af-prof-05563 Bf-prof-05564 Cf-prof-05565
rog_slovenian_1_0_1_1_manual_prosody::NNoskpprdo-pk1003311343.wav,Rog-Go2-Gos173,Gos173,NNoskpprdo-pk1003311343.wav,Gos,"Pogovor med prodajalcem prevlek za žimnice in stranko po prodaji, ko je prodajalec prišel po denar.",2010-07,lastni posnetek,-,Izola,prodaja/trgovina,nezasebni,osebni stik,56,775,Am-prod-05581 Bm-stra-05582
rog_slovenian_1_0_1_1_manual_prosody::NNoskpsods-pk1003311057.wav,Rog-Go1-Gos174,Gos174,NNoskpsods-pk1003311057.wav,Gos,Sestanek sodelavk v okviru univerze o delu na projektu.,2010-05,lastni posnetek,-,Koper,formalni delovni sestanek,nezasebni,osebni stik,12,234,Af-vodj-05578 Bf-udel-05579 Cf-udel-05580
rog_slovenian_1_0_1_1_manual_prosody::NNoskrprdo-az1004091424.wav,Rog-Go1-Gos175,Gos175,NNoskrprdo-az1004091424.wav,Gos,"Pogovor stranke in zavarovalne agentke pri stranki doma, obnavljanje zavarovalne police za hišo.",2010-04,lastni posnetek,-,Škofja Loka,prodaja/trgovina,nezasebni,osebni stik,6,179,Am-stra-02231 Bf-akvi-02263
rog_slovenian_1_0_1_1_manual_prosody::NNosljakds-jm0103151200.wav,Rog-Go1-Gos176,Gos176,NNosljakds-jm0103151200.wav,Gos,Sestanek jezikovnega oddelka v okviru univerze.,2010-03,lastni posnetek,-,Ljubljana,formalni delovni sestanek,nezasebni,osebni stik,29,396,Am-udel-02284 Bf-udel-02285 Df-udel-02287 Ef-udel-02288 Ff-udel-02289 Hm-udel-02291 Jf-udel-02293
rog_slovenian_1_0_1_1_manual_prosody::NNosljakko-np0910182052.wav,Rog-Go1-Gos177,Gos177,NNosljakko-np0910182052.wav,Gos,Konzultacija za doktorsko disertacijo.,2009-10,lastni posnetek,-,Ljubljana,konzultacija,nezasebni,osebni stik,11,162,Af-prof-02166 Bf-stud-02167
rog_slovenian_1_0_1_1_manual_prosody::NNosljpods-az1003111100.wav,Rog-Go1-Gos178,Gos178,NNosljpods-az1003111100.wav,Gos,Sestanek sodelavcev pri gradnji nacionalnega govornega korpusa. Ena sogovornica sodeluje pri sestanku prek Skypa.,2010-03,lastni posnetek,-,Ljubljana,neformalni delovni sestanek,nezasebni,osebni stik,17,227,Am-udel-02231 Bf-udel-02232 Cf-udel-02233 Df-udel-02234 Ef-udel-02235 Ff-udel-02236 Hf-udel-02238
rog_slovenian_1_0_1_1_manual_prosody::NNosljpods-pk1004191451.wav,Rog-Go1-Gos179,Gos179,NNosljpods-pk1004191451.wav,Gos,"Neformalni delovni sestanek med naročnikom raziskave in študentko, ki pomaga pri raziskavi o lastništvu medijev.",2010-07,lastni posnetek,-,Ljubljana,neformalni delovni sestanek,nezasebni,osebni stik,27,208,Af-sode-05584 Bm-sode-05588
rog_slovenian_1_0_1_1_manual_prosody::NNosljprdo-az1004011600.wav,Rog-Go1-Gos180,Gos180,NNosljprdo-az1004011600.wav,Gos,Pogovor med stranko in arhitektom pri stranki doma o ureditvi vrta in izgradnji bazena.,2010-04,lastni posnetek,-,Ljubljana,storitev,nezasebni,osebni stik,12,209,Af-stra-02166 Bm-udel-07137
rog_slovenian_1_0_1_1_manual_prosody::NNosljsods-lr0906022314.wav,Rog-Go2-Gos181,Gos181,NNosljsods-lr0906022314.wav,Gos,"Delovni sestanek učiteljic 4. in 5. razreda osnovne šole. Izpolnjevanje delovnega lista, povezanega z veščinami, ki naj bi jih otroci usvojili do konca osnovne šole. Razprava o kolesarskem izpitu in učbenikih za naslednje šolsko leto.",2009-06,lastni posnetek,-,Domžale,neformalni delovni sestanek,nezasebni,osebni stik,91,741,Af-udel-02552 Bf-udel-02553 Cf-udel-02554 Df-udel-02555
rog_slovenian_1_0_1_1_manual_prosody::NNosljtrgo-az1003241254.wav,Rog-Go2-Gos182,Gos182,NNosljtrgo-az1003241254.wav,Gos,Pogovor med redno stranko in frizerko v frizerskem salonu.,2010-03,lastni posnetek,-,Ljubljana,storitev,nezasebni,osebni stik,56,742,Af-stra-02238 Bf-prod-02264
rog_slovenian_1_0_1_1_manual_prosody::NNosljtrgo-mj0912192155.wav,Rog-Go2-Gos183,Gos183,NNosljtrgo-mj0912192155.wav,Gos,"Pogovor med tremi sodelavci v trgovini o svojem delu, prevzemanju izdelkov itd. Govorka ima veliko dela na računalniku, eden izmed govorcev je malo oddaljen in se pogovoru pridruži redkeje. Eden izmed govorcev pa med drugim kliče svojo nadrejeno, njenega moža in neko podjetje, kjer naroča izdelke.",2009-12,lastni posnetek,-,Kočevje,neformalni delovni sestanek,nezasebni,osebni stik,67,748,Gm-prod-00805 Pf-prod-00804 Sm-prod-00803
rog_slovenian_1_0_1_1_manual_prosody::NNosljtrgo-mj0912202338.wav,Rog-Go1-Gos184,Gos184,NNosljtrgo-mj0912202338.wav,Gos,"Pogovor med tremi zaposlenimi v lovski in ribiški trgovini: o delu med prazniki, pošiljanju voščilnic poslovnim partnerjem, inventuri v začetku leta, dolgovih, strankah, krajah itd. Ker so vsi trije govorci zaposleni v družinskem podjetju, je veliko pogovora osebnega in ne povezanega s podjetjem.",2009-12,lastni posnetek,-,Kočevje,neformalni delovni sestanek,nezasebni,osebni stik,16,115,Gm-soro-00806 Jm-soro-00807 Mf-soro-00808
rog_slovenian_1_0_1_1_manual_prosody::NNosljupra-az1006082214.wav,Rog-Go1-Gos185,Gos185,NNosljupra-az1006082214.wav,Gos,"Govorilna ura v vrtcu, pogovor med mamo, vzgojiteljico in pomočnico vzgojiteljice.",2010-06,lastni posnetek,-,Vrhnika,formalni razgovor,nezasebni,osebni stik,18,155,Af-udel-02236 Bf-udel-02322 Cf-udel-02323
rog_slovenian_1_0_1_1_manual_prosody::NNosmbakko-kk1001141025.wav,Rog-Go1-Gos186,Gos186,NNosmbakko-kk1001141025.wav,Gos,Konzultacija o diplomski nalogi iz prevajalstva med mentorjem in študentko.,2010-02,lastni posnetek,-,Maribor,konzultacija,nezasebni,osebni stik,9,212,Am-prof-05663 Bf-stud-05664
rog_slovenian_1_0_1_1_manual_prosody::NNosmbakko-pv1001071030.wav,Rog-Go1-Gos187,Gos187,NNosmbakko-pv1001071030.wav,Gos,Pogovor študenta in profesorja na smeri računalništvo o temi seminarske naloge.,2010-01,lastni posnetek,-,Maribor,konzultacija,nezasebni,osebni stik,9,78,Mm-prof-01075 Rm-stud-01076
rog_slovenian_1_0_1_1_manual_prosody::NNosmbakko-sv1007050910.wav,Rog-Go1-Gos188,Gos188,NNosmbakko-sv1007050910.wav,Gos,Konzultacija na višji šoli med študentko in predavateljico pri predmetu jezikovne kulture.,2010-07,lastni posnetek,-,Maribor,konzultacija,nezasebni,osebni stik,5,82,Pf-prof-07533 Sf-stud-07532
rog_slovenian_1_0_1_1_manual_prosody::NNosmbakko-sv1007050918.wav,Rog-Go1-Gos189,Gos189,NNosmbakko-sv1007050918.wav,Gos,Konzultacija na višji šoli med študentko in predavateljico pri predmetu jezikovne kulture.,2010-07,lastni posnetek,-,Maribor,konzultacija,nezasebni,osebni stik,8,122,Pf-prof-07533 Sf-stud-07534
rog_slovenian_1_0_1_1_manual_prosody::NNosmbcvst-bb1004191439.wav,Rog-Go2-Gos190,Gos190,NNosmbcvst-bb1004191439.wav,Gos,Nakup rož za vrt in sobnih rož v cvetličarni.,2010-04,lastni posnetek,-,Ormož,prodaja/trgovina,nezasebni,osebni stik,87,656,Af-stra-02276 Bf-prod-02277 Cf-stra-02265
rog_slovenian_1_0_1_1_manual_prosody::NNosmbfist-sv1006161508.wav,Rog-Go1-Gos191,Gos191,NNosmbfist-sv1006161508.wav,Gos,Pogovor med pacientom in fizioterapevtko med fizioterapevtsko obravnavo.,2010-05,lastni posnetek,-,Brestrnica,storitev,nezasebni,osebni stik,25,132,Am-stra-02298 Bf-udel-02299
rog_slovenian_1_0_1_1_manual_prosody::NNosmbfrst-sv1006161441.wav,Rog-Go1-Gos192,Gos192,NNosmbfrst-sv1006161441.wav,Gos,"Pogovor med frizerjem, stranko, ki jo striže, in tretjo (stalno) stranko, ki je prisotna ob striženju.",2010-06,lastni posnetek,-,Maribor,storitev,nezasebni,osebni stik,16,175,Am-prod-02325 Bf-stra-02326 Cf-stra-07534
rog_slovenian_1_0_1_1_manual_prosody::NNosmbfrst-sv1006161451.wav,Rog-Go1-Gos193,Gos193,NNosmbfrst-sv1006161451.wav,Gos,Pogovor med frizerjem in strankami v frizerskem salonu.,2010-06,lastni posnetek,-,Maribor,storitev,nezasebni,osebni stik,8,102,Bf-stra-02329 Cf-stra-07534
rog_slovenian_1_0_1_1_manual_prosody::NNosmbinst-bb1004191451.wav,Rog-Go1-Gos194,Gos194,NNosmbinst-bb1004191451.wav,Gos,"Inštrukcije matematike, priprave na test.",2010-04,lastni posnetek,-,Maribor,storitev,nezasebni,osebni stik,26,171,Af-udel-02265 Bf-udel-02266
rog_slovenian_1_0_1_1_manual_prosody::NNosmbpods-is1003311437.wav,Rog-Go1-Gos195,Gos195,NNosmbpods-is1003311437.wav,Gos,Prva študija nove gledališke predstave.,2010-03,lastni posnetek,-,Maribor,neformalni delovni sestanek,nezasebni,osebni stik,7,245,If-vodj-01109 Vm-nadr-01108
rog_slovenian_1_0_1_1_manual_prosody::NNosmbpods-sv1007301022.wav,Rog-Go1-Gos196,Gos196,NNosmbpods-sv1007301022.wav,Gos,Razgovor za delo v jezikovni šoli.,2010-07,lastni posnetek,-,Brestrnica,formalni razgovor,nezasebni,osebni stik,8,145,Mm-udel-07538 Vf-nadr-07537
rog_slovenian_1_0_1_1_manual_prosody::NNosmbstzb-sv1007301234.wav,Rog-Go1-Gos197,Gos197,NNosmbstzb-sv1007301234.wav,Gos,"Pogovor v zobozdravniški ordinaciji med pacientko, zobozdravnikom in asistentko.",2010-07,lastni posnetek,-,Maribor,storitev,nezasebni,osebni stik,8,124,Sf-paci-07534 Zm-zdra-07535
rog_slovenian_1_0_1_1_manual_prosody::NNosmbtrgo-sv1006291029.wav,Rog-Go1-Gos198,Gos198,NNosmbtrgo-sv1006291029.wav,Gos,Pogovor med stranko in prodajalcem v zlatarni.,2010-07,lastni posnetek,-,Maribor,prodaja/trgovina,nezasebni,osebni stik,11,101,Af-stra-05596 Bm-prod-05597
rog_slovenian_1_0_1_1_manual_prosody::NNosmssods-jt1005201326.wav,Rog-Go1-Gos199,Gos199,NNosmssods-jt1005201326.wav,Gos,"Sestanek učiteljic v SŠ. Določanje terminov za projektne naloge, izbor tem nalog, elementi projektne naloge, kriteriji ocenjevanja nastopa dijaka ...",2010-05,lastni posnetek,-,Radenci,neformalni delovni sestanek,nezasebni,osebni stik,8,122,Af-udel-02327 Bf-udel-02328
rog_slovenian_1_0_1_1_manual_prosody::NNtekrstpr-sv1007090856.wav,Rog-Go2-Gos200,Gos200,NNtekrstpr-sv1007090856.wav,Gos,Telefonska promocija izdelka za lajšanje bolečin in dogovarjanje za termin predstavitve izdelka.,2010-07,lastni posnetek,-,"Kranj, Maribor",prodaja/trgovina,nezasebni,telefon,52,643,Af-info-05596 Bm-klic-02237
rog_slovenian_1_0_1_1_manual_prosody::NNtekrstsv-ak1007050857.wav,Rog-Go1-Gos201,Gos201,NNtekrstsv-ak1007050857.wav,Gos,Učiteljica in vodja izobraževanja se pogovarjata o tekočih zadevah. Na začetku se oglasi še neka druga oseba.,2010-07,lastni posnetek,-,"Ljubljana, Kranj",neformalni delovni sestanek,nezasebni,telefon,3,44,Af-klic-06567 Cf-vodj-05590
rog_slovenian_1_0_1_1_manual_prosody::NNteljstpr-az1006091140.wav,Rog-Go1-Gos202,Gos202,NNteljstpr-az1006091140.wav,Gos,Pogovor med stranko in uslužbenko ponudnika telekomunikacijskih storitev.,2010-06,lastni posnetek,-,"Ljubljana, Maribor",prodaja/trgovina,nezasebni,telefon,4,54,Af-info-02320 Bm-stra-02321
rog_slovenian_1_0_1_1_manual_prosody::NNteljstpr-az1008311338.wav,Rog-Go1-Gos203,Gos203,NNteljstpr-az1008311338.wav,Gos,"Telefonski pogovor med uslužbenko v banki, ki posreduje informacije o ponudbi banke, in potencialnim komitentom.",2010-08,lastni posnetek,-,Ljubljana,informacije,nezasebni,telefon,3,52,Af-info-07192 Bm-klic-07193
rog_slovenian_1_0_1_1_manual_prosody::NNteljstsv-az1007061015.wav,Rog-Go1-Gos204,Gos204,NNteljstsv-az1007061015.wav,Gos,Posredovanje informacij o turističnih aktivnostih.,2010-07,lastni posnetek,-,"Ljubljana, Kostanjevica na Krki",informacije,nezasebni,telefon,4,108,Af-stra-02233 Bf-info-02319
rog_slovenian_1_0_1_1_manual_prosody::NNteljstsv-az1007121324.wav,Rog-Go1-Gos205,Gos205,NNteljstsv-az1007121324.wav,Gos,"Svetovanje o lokalni turistični ponudbi, pogovor med informatorko v turističnem informativnem centru in klicalko.",2010-07,lastni posnetek,-,"Ljubljana, Štanjel",informacije,nezasebni,telefon,4,78,Af-info-02324 Bf-stra-02233
rog_slovenian_1_0_1_1_manual_prosody::NNteljstsv-az1008061059.wav,Rog-Go1-Gos206,Gos206,NNteljstsv-az1008061059.wav,Gos,Telefonsko svetovanje o energetsko varčni gradnji.,2010-08,lastni posnetek,-,"Ljubljana, Ljutomer",svetovanje,nezasebni,telefon,8,165,Sm-klic-02321 Vm-prod-07539
rog_slovenian_1_0_1_1_manual_prosody::NNteljstsv-az1009301349.wav,Rog-Go1-Gos207,Gos207,NNteljstsv-az1009301349.wav,Gos,Telefonski pogovor med tajnico fakultetnega oddelka in predavateljem o izpitnem roku.,2010-09,lastni posnetek,-,Ljubljana,tajništvo,nezasebni,telefon,1,35,Bm-pred-02354
rog_slovenian_1_0_1_1_manual_prosody::NNteljstsv-az1009301356.wav,Rog-Go1-Gos208,Gos208,NNteljstsv-az1009301356.wav,Gos,Kratek telefonski pogovor med tajnico fakultetnega oddelka in predavateljem na oddelku.,2010-09,lastni posnetek,-,Ljubljana,tajništvo,nezasebni,telefon,1,25,Bm-pred-01107
rog_slovenian_1_0_1_1_manual_prosody::NNteljstsv-np1007061052.wav,Rog-Go1-Gos209,Gos209,NNteljstsv-np1007061052.wav,Gos,"Turistično agencijo pokliče dekle, ki potuje v Izrael in želi pridobiti podatke o potovanju.",2010-07,lastni posnetek,-,Ljubljana,informacije,nezasebni,telefon,14,158,Am-info-05594 Bf-klic-05595
rog_slovenian_1_0_1_1_manual_prosody::NNtembstpr-bb1005121510.wav,Rog-Go1-Gos210,Gos210,NNtembstpr-bb1005121510.wav,Gos,"Telefonski pogovor med stranko in informatorjem v klicnem centru podjetja, ki trži telekomunikacijske storitve.",2010-05,lastni posnetek,-,Maribor,informacije,nezasebni,telefon,4,24,Af-prod-02278 Bf-stra-02265
rog_slovenian_1_0_1_1_manual_prosody::NNtembstpr-bb1005121513.wav,Rog-Go1-Gos211,Gos211,NNtembstpr-bb1005121513.wav,Gos,"Telefonski pogovor med stranko in informatorjem v klicnem centru podjetja, ki trži telekomunikacijske storitve.",2010-05,lastni posnetek,-,Maribor,informacije,nezasebni,telefon,1,30,Af-prod-02279
rog_slovenian_1_0_1_1_manual_prosody::NNtembstpr-jt1005070948.wav,Rog-Go1-Gos212,Gos212,NNtembstpr-jt1005070948.wav,Gos,"Telefonski pogovor med stranko in informatorjem v klicnem centru podjetja, ki trži telekomunikacijske storitve.",2010-08,lastni posnetek,-,Maribor,informacije,nezasebni,telefon,6,50,Af-info-02265 Bm-klic-05614
rog_slovenian_1_0_1_1_manual_prosody::NNtembstpr-rd1004211451.wav,Rog-Go1-Gos213,Gos213,NNtembstpr-rd1004211451.wav,Gos,Predstavitev in prodaja prehrambenih izdelkov.,2010-04,lastni posnetek,-,Maribor,prodaja/trgovina,nezasebni,telefon,2,54,Am-stra-02270
rog_slovenian_1_0_1_1_manual_prosody::NNtembstpr-rd1005041400.wav,Rog-Go1-Gos214,Gos214,NNtembstpr-rd1005041400.wav,Gos,Telefonski pogovor med kupcem in prodajalcem v kolesarski trgovini.,2010-05,lastni posnetek,-,Maribor,prodaja/trgovina,nezasebni,telefon,8,128,Am-prod-02274 Bm-stra-02275
rog_slovenian_1_0_1_1_manual_prosody::NNtembstpr-rd1005070943.wav,Rog-Go1-Gos215,Gos215,NNtembstpr-rd1005070943.wav,Gos,Telefonski pogovor med stranko in prodajalcem v kolesarski trgovini.,2010-05,lastni posnetek,-,Maribor,prodaja/trgovina,nezasebni,telefon,3,26,Am-prod-02272 Bf-stra-02273
rog_slovenian_1_0_1_1_manual_prosody::NNtembstsv-rd1004211506.wav,Rog-Go1-Gos216,Gos216,NNtembstsv-rd1004211506.wav,Gos,Svetovanje glede energetsko varčne gradnje.,2010-04,lastni posnetek,-,Maribor,svetovanje,nezasebni,telefon,13,316,Am-stra-02275 Bm-prod-02283
rog_slovenian_1_0_1_1_manual_prosody::NZosavdodr-er1002161011.wav,Rog-Go1-Gos217,Gos217,NZosavdodr-er1002161011.wav,Gos,"Pogovor na predvečer debelega četrtka v pustnem času. Teme so različne in se neprestano menjujejo, npr. pluženje snega, praznovanje debelega četrtka, vinjete itd.",2010-02,lastni posnetek,-,Sele-Kot,"doma, družina",zasebni,osebni stik,18,159,Bf-ssta-10002 Ef-soro-10003 Jf-star-10005 Pm-soro-10004
rog_slovenian_1_0_1_1_manual_prosody::NZosavdodr-er1002161043.wav,Rog-Go1-Gos218,Gos218,NZosavdodr-er1002161043.wav,Gos,"Pogovor med babico, vnukinjo in pravnukinjo ob preživljanju prostega dopoldneva. Teme so barvanje slikanice, različni pripetljaji, računanje ...",2010-02,lastni posnetek,-,Sele-Kot,"doma, družina",zasebni,osebni stik,15,198,Bf-ssta-10002 Ef-soro-10003 Jf-otro-10001
rog_slovenian_1_0_1_1_manual_prosody::NZoscedodr-ms0908251830.wav,Rog-Go1-Gos219,Gos219,NZoscedodr-ms0908251830.wav,Gos,"Pogovor predvsem o temah, povezanih z življenjem na podeželju - stroji, pridelki, kuhanje...",2009-08,lastni posnetek,-,Žiče,"doma, družina",zasebni,osebni stik,24,252,Am-soro-02104 Bm-otro-02105 Cm-star-02106 Df-soro-02107
rog_slovenian_1_0_1_1_manual_prosody::NZosgododr-ag0907121630.wav,Rog-Go2-Gos220,Gos220,NZosgododr-ag0907121630.wav,Gos,Družinski pogovor ob kavici.,2009-09,lastni posnetek,-,Lože Vipava,"doma, družina",zasebni,osebni stik,56,651,Af-star-05611 Bm-star-05612 Cf-otro-05613 Df-otro-05614
rog_slovenian_1_0_1_1_manual_prosody::NZosgododr-kk0904131700.wav,Rog-Go1-Gos221,Gos221,NZosgododr-kk0904131700.wav,Gos,"Pogovor v družini o aktualnih zadevah - velikonočni prazniki, dogajanje v družini...",2009-07,lastni posnetek,-,Ajdovščina,"doma, družina",zasebni,osebni stik,3,61,Am-star-05559
rog_slovenian_1_0_1_1_manual_prosody::NZositdopr-jm0910281306.wav,Rog-Go1-Gos222,Gos222,NZositdopr-jm0910281306.wav,Gos,Pogovor med dvema prijateljicama o stanodajalcih in drugih dogodkih.,2009-12,lastni posnetek,-,Ljubljana,"doma, prijatelji",zasebni,osebni stik,11,181,Jf-prij-01612 Mf-prij-01630
rog_slovenian_1_0_1_1_manual_prosody::NZositdopr-jm1003141600.wav,Rog-Go1-Gos223,Gos223,NZositdopr-jm1003141600.wav,Gos,Pogovor treh prijateljic.,2010-07,lastni posnetek,-,Trst,"doma, prijatelji",zasebni,osebni stik,23,223,Af-prij-05585 Bf-prij-05586 Cf-prij-05587
rog_slovenian_1_0_1_1_manual_prosody::NZoskkdodr-lu1007301428.wav,Rog-Go2-Gos224,Gos224,NZoskkdodr-lu1007301428.wav,Gos,"Pogovor med starejšima prijateljicama o cerkvi, opravilih, živini, zdravju ...",2010-07,lastni posnetek,-,Žurkov Dol,"doma, prijatelji",zasebni,osebni stik,75,733,Af-prij-07190 Bf-prij-07191
rog_slovenian_1_0_1_1_manual_prosody::NZoskkdopr-lu1007301412.wav,Rog-Go1-Gos225,Gos225,NZoskkdopr-lu1007301412.wav,Gos,"Pogovor med mlajšimi prijatelji o športnih stavah, pokru, avtošoli ipd.",2010-07,lastni posnetek,-,Sevnica,"doma, prijatelji",zasebni,osebni stik,29,226,Am-prij-02345 Bm-prij-02346 Cm-prij-02347 Dm-prij-02348 Em-prij-02349 Fm-prij-02350 Hf-prij-02352
rog_slovenian_1_0_1_1_manual_prosody::NZoskkdopr-np0912021058.wav,Rog-Go1-Gos226,Gos226,NZoskkdopr-np0912021058.wav,Gos,Obisk pri sosedih in pogovori o vsakdanjih stvareh.,2009-12,lastni posnetek,-,Vihre,"doma, prijatelji",zasebni,osebni stik,16,184,Am-star-02240 Bf-star-02241 Cf-otro-02242 Df-otro-02243
rog_slovenian_1_0_1_1_manual_prosody::NZoskpzudr-ag0907121500.wav,Rog-Go1-Gos227,Gos227,NZoskpzudr-ag0907121500.wav,Gos,"Družinsko kosilo in druženje s sorodniki; splošni pogovor, obujanje spominov ipd.",2009-10,lastni posnetek,-,Stomaž pri Sežani,"zunaj doma, družina",zasebni,osebni stik,12,75,Af-soro-05615 Bf-soro-05616 Ef-soro-05613 Ff-soro-05614
rog_slovenian_1_0_1_1_manual_prosody::NZoskpzupr-np0911041757.wav,Rog-Go2-Gos228,Gos228,NZoskpzupr-np0911041757.wav,Gos,Pogovor v baru med sodelavci med odmorom za malico.,2009-12,lastni posnetek,-,Koper,"zunaj doma, prijatelji",zasebni,osebni stik,45,753,If-sode-01616 Kf-sode-01615 Rm-sode-01614 Sf-sode-01618 Tf-sode-01617
rog_slovenian_1_0_1_1_manual_prosody::NZoskrdodr-ak0904251100.wav,Rog-Go2-Gos229,Gos229,NZoskrdodr-ak0904251100.wav,Gos,"Vsakotedenski pogovar vnukinje na obisku pri babici o trenutnih dogodkih, dogodkih iz preteklosti...",2009-04,lastni posnetek,-,Tržič,"doma, družina",zasebni,osebni stik,71,721,Ef-ssta-06566 Lf-otro-06567
rog_slovenian_1_0_1_1_manual_prosody::NZoskrdodr-ak0904302200.wav,Rog-Go1-Gos230,Gos230,NZoskrdodr-ak0904302200.wav,Gos,"Hči pripoveduje materi o filmu, ki ga je gledala, dogodkih, ki so se zgodili čez vikend...",2009-04,lastni posnetek,-,Tržič,"doma, družina",zasebni,osebni stik,6,121,Cf-star-06564 If-otro-06565
rog_slovenian_1_0_1_1_manual_prosody::NZoskrdodr-pk1003311355.wav,Rog-Go1-Gos231,Gos231,NZoskrdodr-pk1003311355.wav,Gos,Pogovor med materjo in hčerko o vnukinji in vsakdanjih stvareh.,2010-07,lastni posnetek,-,Kranj,"doma, družina",zasebni,osebni stik,13,121,Af-star-05582 Bf-otro-05583
rog_slovenian_1_0_1_1_manual_prosody::NZoskrdopr-ab0906231945.wav,Rog-Go1-Gos232,Gos232,NZoskrdopr-ab0906231945.wav,Gos,"Pogovor med sestrama o študiju, plesu, koncertih.",2009-10,lastni posnetek,-,Čirče,"doma, prijatelji",zasebni,osebni stik,10,110,Mf-udel-03013 Pf-udel-03012
rog_slovenian_1_0_1_1_manual_prosody::NZosljdodr-ab0907091515.wav,Rog-Go2-Gos233,Gos233,NZosljdodr-ab0907091515.wav,Gos,"Pogovor med sinom in staršema o urejanju vrta, nakupu novih zvočnikov in vzdrževanju računalniške opreme.",2009-10,lastni posnetek,-,Valburga,"doma, družina",zasebni,osebni stik,97,734,Bm-star-03014 Df-star-03015 Tm-otro-03016
rog_slovenian_1_0_1_1_manual_prosody::NZosljdodr-ak1003221205.wav,Rog-Go1-Gos234,Gos234,NZosljdodr-ak1003221205.wav,Gos,"Mož in žena se pogovarjata o preživetem dnevu, preživljanju vikenda, načrtih za bližnjo prihodnost, sorodnikih ...",2010-03,lastni posnetek,-,Ljubljana,"doma, družina",zasebni,osebni stik,4,56,Am-soro-07138 Bf-soro-07139
rog_slovenian_1_0_1_1_manual_prosody::NZosljdodr-bo0910211650.wav,Rog-Go1-Gos235,Gos235,NZosljdodr-bo0910211650.wav,Gos,"Pogovor ob kavi med svakinjama in možem ene od njiju o vsakdanjih dogodkih doma in v službi, o otrocih, izletih, nabiranju gob, domačih živalih itd.",2010-07,lastni posnetek,-,Ljubljana,"doma, družina",zasebni,osebni stik,12,198,Mf-soro-09520 Tf-soro-09519 Zm-soro-09521
rog_slovenian_1_0_1_1_manual_prosody::NZosljdodr-lr0906022207.wav,Rog-Go1-Gos236,Gos236,NZosljdodr-lr0906022207.wav,Gos,"Družinsko srečanje, praznovanje uspešno opravljenega strokovnega izpita članice družine. Teme so prihajajoč dopust, anekdote s potovanja dveh članov družine, zgodbe, ki so se pripetile prijateljem, ter o potovanjih in izkušnjah s turističnimi agencijami nasploh.",2009-05,lastni posnetek,-,Vrhpolje pri Moravčah,"doma, družina",zasebni,osebni stik,18,168,Af-otro-02559 Bm-star-02560 Cf-star-02561 Df-otro-02562
rog_slovenian_1_0_1_1_manual_prosody::NZosljdodr-mj0912202305.wav,Rog-Go1-Gos237,Gos237,NZosljdodr-mj0912202305.wav,Gos,"Pogovor med starejšima osebama o otroštvu, vojni, revščini itd.",2009-12,lastni posnetek,-,Potok pri Kočevju,"doma, družina",zasebni,osebni stik,5,95,Tm-ssta-00802
rog_slovenian_1_0_1_1_manual_prosody::NZosljdodr-np0908221050.wav,Rog-Go1-Gos238,Gos238,NZosljdodr-np0908221050.wav,Gos,"Pogovor dveh zakoncev o vsakdanjiku, delu na vrtu...",2009-08,lastni posnetek,-,Zaplana,"doma, družina",zasebni,osebni stik,11,83,Af-star-00525 Bm-star-00526
rog_slovenian_1_0_1_1_manual_prosody::NZosljdopr-at0909152030.wav,Rog-Go1-Gos239,Gos239,NZosljdopr-at0909152030.wav,Gos,Prijatelja se pogovarjata o težavah domačega zdravstva in obujata spomine na potovanje po Španiji.,2009-09,lastni posnetek,-,Ljubljana,"doma, prijatelji",zasebni,osebni stik,12,247,Om-prij-06569 Pm-prij-06568
rog_slovenian_1_0_1_1_manual_prosody::NZosljdopr-bo0908141215.wav,Rog-Go1-Gos240,Gos240,NZosljdopr-bo0908141215.wav,Gos,"Pogovor o kmečkih opravilih (pobiranje krompirja, košnja trave itd.), raznih dogodkih, hrani, znancih in njihovem življenju, življenjskih modrostih ...",2009-08,lastni posnetek,-,Ivančna Gorica,"doma, prijatelji",zasebni,osebni stik,21,219,Mm-prij-09501 Om-prij-09503 Pm-prij-09502
rog_slovenian_1_0_1_1_manual_prosody::NZosljdopr-bo0910181640.wav,Rog-Go1-Gos241,Gos241,NZosljdopr-bo0910181640.wav,Gos,"Pogovor med prijateljema iz najstniških let in mamo enega izmed njiju. Večinoma o glasbi, delu in fakulteti. Eden izmed udeležencev se je razgovoril o morebitni temi diplomske naloge, elektrotehniki, robotiki, veliko so govorili o računalnikih in tehnologiji.",2010-07,lastni posnetek,-,Ivančna Gorica,"doma, prijatelji",zasebni,osebni stik,15,171,Bm-prij-09523 Df-prij-09522 Vm-prij-09524
rog_slovenian_1_0_1_1_manual_prosody::NZosljdopr-bo0910212030.wav,Rog-Go1-Gos242,Gos242,NZosljdopr-bo0910212030.wav,Gos,"Ponovno srečanje po dolgem času - trije govorci so se poznali že od prej, medtem ko je četrta oseba poznala le eno. Tema: glasba, koncerti, pripovedovanje raznih pripetljajev, obujanje spominov in razmišljanje o stvareh, ki se bodo šele zgodile.",2009-10,lastni posnetek,-,Ljubljana,"doma, prijatelji",zasebni,osebni stik,14,190,Bf-prij-09525 Mm-prij-09509 Pm-prij-09508
rog_slovenian_1_0_1_1_manual_prosody::NZosljzupr-bo0910192226.wav,Rog-Go1-Gos243,Gos243,NZosljzupr-bo0910192226.wav,Gos,"Pogovor treh članov alternativne glasbene skupine po vaji, teme se večinoma vrtijo okoli glasbe, dogajanja med vikendom in načrtov za prihodnje dni.",2010-03,lastni posnetek,-,Lavrica,"zunaj doma, prijatelji",zasebni,osebni stik,20,168,Am-prij-09505 Mm-prij-09507 Pm-prij-09506
rog_slovenian_1_0_1_1_manual_prosody::NZosljzupr-bo0910221200.wav,Rog-Go1-Gos244,Gos244,NZosljzupr-bo0910221200.wav,Gos,"Pogovor dveh prijateljev in sošolcev, ki študirata v Ljubljani, večinoma o filozofiji, fakultetni politiki in računalniških igricah.",2010-07,lastni posnetek,-,Ljubljana,"zunaj doma, prijatelji",zasebni,osebni stik,24,217,Mm-prij-09518 Sm-prij-09517
rog_slovenian_1_0_1_1_manual_prosody::NZosljzupr-lr0906031349.wav,Rog-Go1-Gos245,Gos245,NZosljzupr-lr0906031349.wav,Gos,"Srečanje dveh prijateljev s fakultete. Pogovor se večinoma nanaša na študijske obveznosti, pa tudi glasbo, vlogo medijev v današnjem času ter kritiko ljudi, ki medijem brezpogojno zaupajo.",2009-06,lastni posnetek,-,Ljubljana,"zunaj doma, prijatelji",zasebni,osebni stik,20,174,Am-prij-02557 Bm-prij-02558
rog_slovenian_1_0_1_1_manual_prosody::NZosmbdodr-mo0911021528.wav,Rog-Go2-Gos246,Gos246,NZosmbdodr-mo0911021528.wav,Gos,"Tast in zet se ob kavi pogovarjata o gradnji hiše, službenih temah itd.",2009-12,lastni posnetek,-,Šentilj,"doma, družina",zasebni,osebni stik,54,850,Am-soro-07522 Mm-star-07523
rog_slovenian_1_0_1_1_manual_prosody::NZosmbdodr-mo0911021552.wav,Rog-Go1-Gos247,Gos247,NZosmbdodr-mo0911021552.wav,Gos,"Mati in hči se ob kavi pogovarjata o gradnji hiše, službi, sanjah itd.",2010-02,lastni posnetek,-,Šentilj,"doma, družina",zasebni,osebni stik,13,207,Df-star-07526 Pf-otro-07527
rog_slovenian_1_0_1_1_manual_prosody::NZosmbdodr-mo0911232226.wav,Rog-Go1-Gos248,Gos248,NZosmbdodr-mo0911232226.wav,Gos,"Babica in vnukinja se pogovarjata o prostovoljnem delu pri evropskem projektu, nogometu itd.",2009-12,lastni posnetek,-,Šentilj,"doma, družina",zasebni,osebni stik,10,164,Bf-ssta-07524 Mf-drug-07525
rog_slovenian_1_0_1_1_manual_prosody::NZosmbdodr-rd1005060903.wav,Rog-Go1-Gos249,Gos249,NZosmbdodr-rd1005060903.wav,Gos,Oče pripoveduje svoji hčerki spomine iz šole ipd.,2010-05,lastni posnetek,-,Maribor,"doma, družina",zasebni,osebni stik,11,330,Am-star-02268 Bf-otro-02269
rog_slovenian_1_0_1_1_manual_prosody::NZosmbzudr-pv0908262121.wav,Rog-Go1-Gos250,Gos250,NZosmbzudr-pv0908262121.wav,Gos,"Pogovor pri kosilu, teme so zelo različne: družinsko življenje, kozmetika, šola...",2009-11,lastni posnetek,-,Maribor,"zunaj doma, družina",zasebni,osebni stik,17,136,Bf-ssta-07520 Pf-vrst-07519
rog_slovenian_1_0_1_1_manual_prosody::NZosmbzupr-mo0910301111.wav,Rog-Go1-Gos251,Gos251,NZosmbzupr-mo0910301111.wav,Gos,"Vsi govorci igrajo v glasbeni skupini, pogovor je potekal pred vajami. Teme: glasba, služba, nogomet ...",2009-10,lastni posnetek,-,Ceršak,"zunaj doma, prijatelji",zasebni,osebni stik,12,94,Mm-prij-07531 Om-prij-07528 Sm-prij-07530
rog_slovenian_1_0_1_1_manual_prosody::NZosmbzupr-pv0908181918.wav,Rog-Go1-Gos252,Gos252,NZosmbzupr-pv0908181918.wav,Gos,"Pogovor pri večerji o konjih, reji, prijateljih...",2009-11,lastni posnetek,-,Lenart,"zunaj doma, prijatelji",zasebni,osebni stik,16,116,Af-vrst-07522 Am-vrst-07523
rog_slovenian_1_0_1_1_manual_prosody::NZosmbzupr-rd1003301557.wav,Rog-Go1-Gos253,Gos253,NZosmbzupr-rd1003301557.wav,Gos,"Prijatelji v kampu ob morju se pogovarjajo o zdravstvu, spominih iz jugoslovanske vojske ipd.",2010-03,lastni posnetek,-,Novigrad,"zunaj doma, prijatelji",zasebni,osebni stik,14,131,Am-prij-02280 Bm-prij-02281 Cm-prij-02282
rog_slovenian_1_0_1_1_manual_prosody::NZosmsstdo-jt0907061638.wav,Rog-Go2-Gos254,Gos254,NZosmsstdo-jt0907061638.wav,Gos,"Prijatelji, ki se družijo že vrsto let, v študentskem domu. Pogovor o osebnih lastnostih govorcev, prijateljih, družini, aktualnih dogodkih, izvajanju študijskih predmetov ...",2009-07,lastni posnetek,-,Maribor,"zunaj doma, prijatelji",zasebni,osebni stik,105,829,Dm-prij-06009 If-prij-06008 Mm-prij-06007
rog_slovenian_1_0_1_1_manual_prosody::NZosmszudr-jt0907061634.wav,Rog-Go1-Gos255,Gos255,NZosmszudr-jt0907061634.wav,Gos,"Pogovor o poteku žetve nekoč, življenju kmetov in bližnjih sorodnikov, dogodkih iz otroških let ...",2009-07,lastni posnetek,-,Gornja Radgona,"zunaj doma, družina",zasebni,osebni stik,11,254,Jm-soro-05614 Sm-soro-10523 Tf-soro-10524
rog_slovenian_1_0_1_1_manual_prosody::NZosnmdmso-tp0911282110.wav,Rog-Go1-Gos256,Gos256,NZosnmdmso-tp0911282110.wav,Gos,"Pogovor med sodelavkama o službi, recesiji itd.",2009-12,lastni posnetek,-,Metlika,"delovno mesto, sodelavci",zasebni,osebni stik,20,179,Af-sode-07098 Bf-sode-07099
rog_slovenian_1_0_1_1_manual_prosody::NZosnmdopr-jg0909141900.wav,Rog-Go2-Gos257,Gos257,NZosnmdopr-jg0909141900.wav,Gos,Pogovor družinske prijateljice s starši o smučarskih počitnicah.,2009-10,lastni posnetek,-,Novo mesto,"doma, prijatelji",zasebni,osebni stik,47,816,Af-prij-07149 Bm-prij-07150 Cf-prij-07151
rog_slovenian_1_0_1_1_manual_prosody::NZosnmdopr-jg0909201830.wav,Rog-Go1-Gos258,Gos258,NZosnmdopr-jg0909201830.wav,Gos,"Pogovor dveh prijateljev o najrazličnejših temah (delo, glasba, košarka, rekreacija, punce, starši ipd.).",2009-10,lastni posnetek,-,Novo mesto,"doma, prijatelji",zasebni,osebni stik,13,176,Am-prij-07167 Bm-prij-07168
rog_slovenian_1_0_1_1_manual_prosody::NZosnndopr-ak0909102300.wav,Rog-Go1-Gos259,Gos259,NZosnndopr-ak0909102300.wav,Gos,"Prijatelja, po rodu Srba, ki živita in delata v Sloveniji, se pogovarjata o različnih aktualnih stvareh, slovenščini itd.",2009-07,lastni posnetek,-,Ljubljana,"doma, prijatelji",zasebni,osebni stik,12,121,Dm-prij-06581 Im-prij-06580
rog_slovenian_1_0_1_1_manual_prosody::NZosnndopr-dp1009031512.wav,Rog-Go1-Gos260,Gos260,NZosnndopr-dp1009031512.wav,Gos,"Pogovor med znancema, študentom in tujko, ki dalj časa živi v Sloveniji.",2010-09,lastni posnetek,-,Maribor,"doma, prijatelji",zasebni,osebni stik,16,159,Cf-znan-07540 Dm-znan-07550
rog_slovenian_1_0_1_1_manual_prosody::NZosnnzupr-sv1008201003.wav,Rog-Go1-Gos261,Gos261,NZosnnzupr-sv1008201003.wav,Gos,"Pogovor v kavarni med tujko in domačinko, ki se prvič srečata ob tem pogovoru, o vtisih in življenju tujke.",2010-08,lastni posnetek,-,Maribor,"zunaj doma, prijatelji",zasebni,osebni stik,4,64,Sf-znan-07534 Tf-znan-07540
rog_slovenian_1_0_1_1_manual_prosody::NZospodopr-np0904280935.wav,Rog-Go2-Gos262,Gos262,NZospodopr-np0904280935.wav,Gos,"Študentki, prijateljici in sosedi klepetata o svojem vsakdanjiku.",2009-04,lastni posnetek,-,Postojna,"doma, prijatelji",zasebni,osebni stik,56,664,Af-prij-00507 Bf-prij-00508
rog_slovenian_1_0_1_1_manual_prosody::NZossgdodr-am1003212116.wav,Rog-Go1-Gos263,Gos263,NZossgdodr-am1003212116.wav,Gos,"Mati in sin, ki jo je obiskal, se pogovarjata o osebnih situacijah, sorodnikih, znancih, dogodkih zadnjih dni ...",2010-03,lastni posnetek,-,Podgorje pri Slovenj Gradcu,"doma, družina",zasebni,osebni stik,11,93,Af-star-01083 Mm-otro-01079
rog_slovenian_1_0_1_1_manual_prosody::NZossgdopr-am1003151543.wav,Rog-Go2-Gos264,Gos264,NZossgdopr-am1003151543.wav,Gos,Pogovor prijateljev o bližajočem se srečanju pevskih zborov ter o dogodkih iz življenja zborov.,2010-03,lastni posnetek,-,Slovenj Gradec,"doma, prijatelji",zasebni,osebni stik,66,704,Bf-prij-01082 Tm-prij-01081
rog_slovenian_1_0_1_1_manual_prosody::NZossgdopr-am1003161108.wav,Rog-Go1-Gos265,Gos265,NZossgdopr-am1003161108.wav,Gos,"Pogovor dveh prijateljev o zanju aktualnih temah (novem psu, načrtovanju izleta, razmerah v pevskem zboru, njunih skupnih znancih itd.).",2010-03,lastni posnetek,-,Slovenj Gradec,"doma, prijatelji",zasebni,osebni stik,6,56,Im-prij-01080 Mm-prij-01079
rog_slovenian_1_0_1_1_manual_prosody::NZossgdopr-am1003161112.wav,Rog-Go1-Gos266,Gos266,NZossgdopr-am1003161112.wav,Gos,"Novomašnik s prijateljico obišče starejšo gospo. Ob tem steče pogovor o stvareh, ki jih povezujejo: molitvi, skupnih znancih, načrtih ...",2010-03,lastni posnetek,-,Slovenj Gradec,"doma, prijatelji",zasebni,osebni stik,11,93,Af-prij-01100 Dm-prij-01099 Mf-prij-01101
rog_slovenian_1_0_1_1_manual_prosody::NZossgdopr-am1003202009.wav,Rog-Go1-Gos267,Gos267,NZossgdopr-am1003202009.wav,Gos,"Prijateljica predstavi kolegu vsebino knjige, ki mu jo priporoča v branje. Pogovor začneta z izražanjem mnenja o Korošcih kot govorcih, nato se pogovarjata o knjigi, stresu ...",2010-03,lastni posnetek,-,Slovenj Gradec,"doma, prijatelji",zasebni,osebni stik,7,62,Dm-prij-01078 Mf-prij-01077
rog_slovenian_1_0_1_1_manual_prosody::NZteceprij-im0906301216.wav,Rog-Go2-Gos268,Gos268,NZteceprij-im0906301216.wav,Gos,"Pogovor med prijateljicama o ocenah izpitov, delu ...",2009-07,lastni posnetek,-,Polzela Ljubljana,klic prijatelju,zasebni,telefon,108,685,Tf-prij-06001 Vf-prij-06002
rog_slovenian_1_0_1_1_manual_prosody::NZteceprij-im0906301218.wav,Rog-Go1-Gos269,Gos269,NZteceprij-im0906301218.wav,Gos,"Pogovor med prijateljema o delu, načrtih za večer, o prejšnji noči ...",2009-07,lastni posnetek,-,Podčetrtek,klic prijatelju,zasebni,telefon,4,28,Am-prij-02168 Bm-prij-02169
rog_slovenian_1_0_1_1_manual_prosody::NZteceprij-im0906301220.wav,Rog-Go1-Gos270,Gos270,NZteceprij-im0906301220.wav,Gos,"Pogovor med prijateljema o delu, načrtih, življenju ...",2009-07,lastni posnetek,-,Podčetrtek,klic prijatelju,zasebni,telefon,7,79,Am-prij-02168 Bm-prij-02169
rog_slovenian_1_0_1_1_manual_prosody::NZteceprij-ms0907301634.wav,Rog-Go1-Gos271,Gos271,NZteceprij-ms0907301634.wav,Gos,"Telefonski pogovor s prijateljico, predvsem z namenom dogovoriti se, kdaj in kje se bosta srečali.",2009-08,lastni posnetek,-,Žiče,klic prijatelju,zasebni,telefon,6,38,Af-prij-02102 Bf-prij-02103
rog_slovenian_1_0_1_1_manual_prosody::NZteceprij-ms0907301853.wav,Rog-Go1-Gos272,Gos272,NZteceprij-ms0907301853.wav,Gos,Telefonski pogovor med prijateljicama o organiziranju druženja oziroma zabave.,2009-08,lastni posnetek,-,Žiče,klic prijatelju,zasebni,telefon,2,25,Bf-prij-02102
rog_slovenian_1_0_1_1_manual_prosody::NZteceprij-ms0907301938.wav,Rog-Go1-Gos273,Gos273,NZteceprij-ms0907301938.wav,Gos,"Telefonski pogovor med prijateljicama o različnih stvareh, največ o potovanju, s katerega se je ena pred kratkim vrnila.",2009-08,lastni posnetek,-,Žiče,klic prijatelju,zasebni,telefon,13,230,Af-prij-02101 Bf-prij-02102
rog_slovenian_1_0_1_1_manual_prosody::NZtecesoro-im0906301214.wav,Rog-Go1-Gos274,Gos274,NZtecesoro-im0906301214.wav,Gos,"Pogovor med bratom in sestro o tem, kar se je dogajalo tisti dan.",2009-07,lastni posnetek,-,Polzela Ljubljana,klic sorodniku,zasebni,telefon,6,38,Af-soro-02170 Bm-soro-02171
rog_slovenian_1_0_1_1_manual_prosody::NZtegoprij-kk0905221951.wav,Rog-Go1-Gos275,Gos275,NZtegoprij-kk0905221951.wav,Gos,"Pogovor med prijateljicama. Teme: vnetje mehurja, poletne počitnice, študentska izmenjava.",2009-06,lastni posnetek,-,Ajdovščina,klic prijatelju,zasebni,telefon,5,66,Af-prij-05515 Bf-prij-05516
rog_slovenian_1_0_1_1_manual_prosody::NZtegoprij-kk1003061818.wav,Rog-Go1-Gos276,Gos276,NZtegoprij-kk1003061818.wav,Gos,"Pogovor med prijateljema o mobilni telefoniji, lokostrelstvu in planinarjenju.",2010-03,lastni posnetek,-,Ajdovščina,klic prijatelju,zasebni,telefon,3,91,Am-prij-05576 Bm-prij-05577
rog_slovenian_1_0_1_1_manual_prosody::NZteljprij-at1001242200.wav,Rog-Go1-Gos277,Gos277,NZteljprij-at1001242200.wav,Gos,Prijatelja se po telefonu pogovarjata in šalita o življenju.,2010-01,lastni posnetek,-,Ljubljana,klic prijatelju,zasebni,telefon,18,176,Pm-prij-06582 Tm-prij-06583
rog_slovenian_1_0_1_1_manual_prosody::NZteljprij-bo1001181400.wav,Rog-Go1-Gos278,Gos278,NZteljprij-bo1001181400.wav,Gos,"Pogovor med sošolkama o tem, kaj počneta zadnje čase, o glasbi, smučanju, načrtih za bližnjo prihodnost.",2010-07,lastni posnetek,-,Ljubljana,klic prijatelju,zasebni,telefon,12,175,Bf-prij-09525 Df-prij-09526
rog_slovenian_1_0_1_1_manual_prosody::NZteljprij-bo1001202100.wav,Rog-Go1-Gos279,Gos279,NZteljprij-bo1001202100.wav,Gos,"Pogovor med sosedoma. Vsakdanje teme: kam bodo šli ven čez vikend, šolske zadeve, o smučanju, sošolkah, učenju, načrtih za večer.",2010-07,lastni posnetek,-,Ljubljana,klic prijatelju,zasebni,telefon,5,54,Lm-prij-09515 Sm-prij-09516
rog_slovenian_1_0_1_1_manual_prosody::NZteljsoro-bo0910042000.wav,Rog-Go2-Gos280,Gos280,NZteljsoro-bo0910042000.wav,Gos,"Pogovor med sestrama o dogajanju v vsakdanjem življenju: kaj se je zgodilo čez dan/med tednom, o družini in ljudeh v njuni okolici.",2010-07,lastni posnetek,-,Mekinje nad Stično,klic sorodniku,zasebni,telefon,80,873,Af-soro-09512 Mf-soro-09513
rog_slovenian_1_0_1_1_manual_prosody::NZteljsoro-mj1004062313.wav,Rog-Go1-Gos281,Gos281,NZteljsoro-mj1004062313.wav,Gos,Pogovor med bratrancema o aktualnih zadevah v družini in lokalni skupnosti - npr. težave s pridobitvijo interneta itd.,2010-04,lastni posnetek,-,Ljubljana,"zunaj doma, družina",zasebni,telefon,17,198,Jm-soro-00810 Mm-soro-00809
rog_slovenian_1_0_1_1_manual_prosody::NZtembprij-is0905042048.wav,Rog-Go1-Gos282,Gos282,NZtembprij-is0905042048.wav,Gos,"Pogovor med prijateljicama o vsakdanjih rečeh (ribe, rože, garderoba ...).",2009-05,lastni posnetek,-,Lovrenc na Pohorju,"doma, prijatelji",zasebni,telefon,9,140,If-prij-01073 Uf-prij-01074
rog_slovenian_1_0_1_1_manual_prosody::NZtemsprij-jt0904290221.wav,Rog-Go1-Gos283,Gos283,NZtemsprij-jt0904290221.wav,Gos,"Pogovor med prijateljema o opravljanju prakse v osnovni šoli, vrememu, študentskem življenju, učiteljih in šolskem sistemu.",2009-04,lastni posnetek,-,Maribor,klic prijatelju,zasebni,telefon,10,239,Mm-prij-06005 Nm-prij-06006
rog_slovenian_1_0_1_1_manual_prosody::NZtemssoro-jt0904290045.wav,Rog-Go1-Gos284,Gos284,NZtemssoro-jt0904290045.wav,Gos,"Telefonski pogovor med starejšima osebama o bolezni psa, velikonočnih jedeh, delu na vrtu, finančni krizi, znancih in prijateljih.",2009-04,lastni posnetek,-,Paričjak Gradišče,"doma, družina",zasebni,telefon,8,95,Mf-otro-06004 Zf-star-06003
rog_slovenian_1_0_1_1_manual_prosody::NZtenmprij-tp1002082041.wav,Rog-Go1-Gos285,Gos285,NZtenmprij-tp1002082041.wav,Gos,"Pogovor med fantom in dekletom: načrti za kino, pogovor o šoli, maturi, vremenu, poklicih.",2010-02,lastni posnetek,-,Stranska vas,klic prijatelju,zasebni,telefon,20,129,Am-prij-07100 Bf-prij-07101
rog_slovenian_1_0_1_1_manual_prosody::NZtenmprij-tp1002082044.wav,Rog-Go1-Gos286,Gos286,NZtenmprij-tp1002082044.wav,Gos,"Pogovor med prijateljema o študiju, kolegih, hobijih, delu.",2010-02,lastni posnetek,-,Ljubljana,klic prijatelju,zasebni,telefon,14,169,Am-prij-07102 Bm-prij-07103
rog_slovenian_1_0_1_1_manual_prosody::NZtesgprij-is0905111918.wav,Rog-Go1-Gos287,Gos287,NZtesgprij-is0905111918.wav,Gos,Pogovor med parom o aktualnih stvareh in planiranju počitnic.,2009-05,lastni posnetek,-,Lovrenc na Pohorju,klic prijatelju,zasebni,telefon,21,131,Bf-prij-01071 Bm-prij-01072
rog_slovenian_1_0_1_1_manual_prosody::Artur-J-Gvecg-P500001-avd.wav,Rog-Art-J-Gvecg-P500001,Artur-J-Gvecg-P500001,Artur-J-Gvecg-P500001-avd.wav,Artur-J,Govor o govorjeni slovenščini na splošno in na radiu ter o izobraževanju na televiziji,2020-09,STA,https://www.facebook.com/watch/live/?v=339333000613185&ref=watch_permalink,Ljubljana,okrogla miza,informativno-izobraževalni,osebni stik,37,967,Artur-J-G3003
rog_slovenian_1_0_1_1_manual_prosody::Artur-J-Gvecg-P500002-avd.wav,Rog-Art-J-Gvecg-P500002,Artur-J-Gvecg-P500002,Artur-J-Gvecg-P500002-avd.wav,Artur-J,Predstavitev vprašanj pri pripravi posodobljenega pravopisa,2020-09,STA,https://www.facebook.com/watch/live/?v=339333000613185&ref=watch_permalink,Ljubljana,nagovor na dogodku,informativno-izobraževalni,osebni stik,40,819,Artur-J-G3002
rog_slovenian_1_0_1_1_manual_prosody::Artur-J-Gvecg-P500014-avd.wav,Rog-Art-J-Gvecg-P500014,Artur-J-Gvecg-P500014,Artur-J-Gvecg-P500014-avd.wav,Artur-J,Predstavitev prilagoditve programov za oporo bolnikom,2020-06,STA,https://livestream.com/accounts/564247/events/7618799/videos/207774394/player,Ljubljana,spletni dogodek,informativno-izobraževalni,internet,27,937,Artur-J-G3018 Artur-J-G3020
rog_slovenian_1_0_1_1_manual_prosody::Artur-J-Gvecg-P500016-avd.wav,Rog-Art-J-Gvecg-P500016,Artur-J-Gvecg-P500016,Artur-J-Gvecg-P500016-avd.wav,Artur-J,Pogovor o pomenu in dostopnosti verodostojnih informacij o zdravljenju kroničnih nenalezljivih bolezni  ,2020-06,STA,https://www.youtube.com/watch?v=fTymM6UTB0M&feature=youtu.be,Ljubljana,spletni dogodek,informativno-izobraževalni,internet,38,1032,Artur-J-G3018 Artur-J-G3025
rog_slovenian_1_0_1_1_manual_prosody::Artur-J-Gvecg-P500021-avd.wav,Rog-Art-J-Gvecg-P500021,Artur-J-Gvecg-P500021,Artur-J-Gvecg-P500021-avd.wav,Artur-J,Govor o rabi antibiotikov in o njihovih posledicah ter o strategijah za uspešnejšo rabo,2020-11,STA,https://livestream.com/accounts/564247/events/7618799/videos/213431819,Ljubljana,spletni dogodek,informativno-izobraževalni,internet,27,1041,Artur-J-G3047
rog_slovenian_1_0_1_1_manual_prosody::Artur-J-Gvecg-P500026-avd.wav,Rog-Art-J-Gvecg-P500026,Artur-J-Gvecg-P500026,Artur-J-Gvecg-P500026-avd.wav,Artur-J,"Razprava o drugem valu korone, vplivu znanosti in stroke, ter komunikacijskih napakah",2020-12,STA,https://livestream.com/accounts/564247/events/7618799/videos/215066628,Ljubljana,okrogla miza,informativno-izobraževalni,osebni stik,42,1061,Artur-J-G3055 Artur-J-G3056 Artur-J-G3057
rog_slovenian_1_0_1_1_manual_prosody::Artur-J-Gvecg-P500028-avd.wav,Rog-Art-J-Gvecg-P500028,Artur-J-Gvecg-P500028,Artur-J-Gvecg-P500028-avd.wav,Artur-J,Pogovor o robotih in umetni inteligenci,2020-12,STA,https://livestream.com/accounts/564247/events/7618799/videos/215024193,Ljubljana,okrogla miza,informativno-izobraževalni,osebni stik,26,1076,Artur-J-G3062 Artur-J-G3063
rog_slovenian_1_0_1_1_manual_prosody::Artur-J-Gvecg-P500034-avd.wav,Rog-Art-J-Gvecg-P500034,Artur-J-Gvecg-P500034,Artur-J-Gvecg-P500034-avd.wav,Artur-J,"Posnetek o najmanjši splošni bolnišnici v Sloveniji, situacija o zdravljenju v času korone",2020-11,STA,https://www.youtube.com/watch?time_continue=3109&v=Fa4oOO6LuuE&feature=emb_title,Trbovlje,novinarska konferenca,informativno-izobraževalni,osebni stik,30,984,Artur-J-G3069
rog_slovenian_1_0_1_1_manual_prosody::Artur-J-Gvecg-P500037-avd.wav,Rog-Art-J-Gvecg-P500037,Artur-J-Gvecg-P500037,Artur-J-Gvecg-P500037-avd.wav,Artur-J,"Nagovor staršem, ki imajo otroke v šoli, spremembe pri pouku v času korone",2021-01,STA,https://livestream.com/accounts/564247/events/7618799/videos/216648797,Ljubljana,novinarska konferenca,informativno-izobraževalni,osebni stik,33,981,Artur-J-G3070
rog_slovenian_1_0_1_1_manual_prosody::Artur-J-Gvecg-P500042-avd.wav,Rog-Art-J-Gvecg-P500042,Artur-J-Gvecg-P500042,Artur-J-Gvecg-P500042-avd.wav,Artur-J,"Študij na Harvardu, predavanje na Ekonomski fakulteti",2021-03,STA,https://livestream.com/accounts/564247/events/7618799/videos/218485333,Ljubljana,spletni dogodek,informativno-izobraževalni,internet,24,1080,Artur-J-G3082
rog_slovenian_1_0_1_1_manual_prosody::Artur-J-Gvecg-P500046-avd.wav,Rog-Art-J-Gvecg-P500046,Artur-J-Gvecg-P500046,Artur-J-Gvecg-P500046-avd.wav,Artur-J,"Plačilo s karticami, varnost digitalizacije plačil in kriptovalutna plačila",2021-03,STA,https://livestream.com/accounts/564247/events/7618799/videos/219161223,Ljubljana,spletni dogodek,informativno-izobraževalni,internet,22,1044,Artur-J-G3018 Artur-J-G3090 Artur-J-G3091
rog_slovenian_1_0_1_1_manual_prosody::Artur-J-Gvecg-P500048-avd.wav,Rog-Art-J-Gvecg-P500048,Artur-J-Gvecg-P500048,Artur-J-Gvecg-P500048-avd.wav,Artur-J,"Imunizacija, Zakon o nalezljivih boleznih, cepljenje v Evropski uniji in cepljenje otrok",2021-04,STA,https://livestream.com/zivo/stavzivo/videos/220246779,Ljubljana,spletni dogodek,informativno-izobraževalni,internet,32,1109,Artur-J-G3023 Artur-J-G3097 Artur-J-G3098
rog_slovenian_1_0_1_1_manual_prosody::Artur-J-Gvecg-P500051-avd.wav,Rog-Art-J-Gvecg-P500051,Artur-J-Gvecg-P500051,Artur-J-Gvecg-P500051-avd.wav,Artur-J,"Konferenca o predstavitvi podatkov športno-vzgojnega kartona, primerjava rezultatov pred epidemijo in po njej",2021-06,STA,https://livestream.com/accounts/564247/events/7618799/videos/222633872/player,Ljubljana,novinarska konferenca,informativno-izobraževalni,osebni stik,38,1006,Artur-J-G3016
rog_slovenian_1_0_1_1_manual_prosody::Artur-J-Gvecg-P500054-avd.wav,Rog-Art-J-Gvecg-P500054,Artur-J-Gvecg-P500054,Artur-J-Gvecg-P500054-avd.wav,Artur-J,Pravice otrok v Sloveniji ,2019-10,STA,https://youtu.be/C_AlXre1vTI,Ljubljana,okrogla miza,informativno-izobraževalni,osebni stik,44,1040,Artur-J-G3109 Artur-J-G3110
rog_slovenian_1_0_1_1_manual_prosody::Artur-J-Gvecg-P500063-avd.wav,Rog-Art-J-Gvecg-P500063,Artur-J-Gvecg-P500063,Artur-J-Gvecg-P500063-avd.wav,Artur-J,Kolektivno uveljavljanje avtorskih pravic,2021-09,STA,https://youtu.be/lkpWkX9JMOU,Ljubljana,okrogla miza,informativno-izobraževalni,osebni stik,16,1135,Artur-J-G3133 Artur-J-G3134
rog_slovenian_1_0_1_1_manual_prosody::Artur-J-Gvecg-P500064-avd.wav,Rog-Art-J-Gvecg-P500064,Artur-J-Gvecg-P500064,Artur-J-Gvecg-P500064-avd.wav,Artur-J,"Družine z otroki z redkoozdravljivimi boleznimi, pravica do dodatka za nego, zdravniške komisije ",2021-09,STA,https://youtu.be/TCEX9YOUJvw,Ljubljana,okrogla miza,informativno-izobraževalni,osebni stik,35,1189,Artur-J-G3137 Artur-J-G3139
rog_slovenian_1_0_1_1_manual_prosody::Artur-J-Gvecg-P580002-avd.wav,Rog-Art-J-Gvecg-P580002,Artur-J-Gvecg-P580002,Artur-J-Gvecg-P580002-avd.wav,Artur-J,"Radijski pogovor z Alenko Rumbak, direktorico Zavoda za zaposlovanje, delo v času korone",2020-09,Radio Štajerski val,-,Šentjur,intervju,informativno-izobraževalni,radio,37,1011,Artur-J-G4528 Artur-J-G4529
rog_slovenian_1_0_1_1_manual_prosody::Artur-J-Gvecg-P580003-avd.wav,Rog-Art-J-Gvecg-P580003,Artur-J-Gvecg-P580003,Artur-J-Gvecg-P580003-avd.wav,Artur-J,"Pogovor z Alešem Klinarjem, članom skupine Agropop, komični muzikal po 18 letih, začetki skupine ",2017-05,Radio Štajerski val,-,Šentjur,intervju,informativno-izobraževalni,radio,33,1036,Artur-J-G4530 Artur-J-G4531
rog_slovenian_1_0_1_1_manual_prosody::Artur-J-Gvecg-P580009-avd.wav,Rog-Art-J-Gvecg-P580009,Artur-J-Gvecg-P580009,Artur-J-Gvecg-P580009-avd.wav,Artur-J,"Radijska oddaja Nedeljska srečanja, pogovor z novinarjem Branetom Pianom o izdaji knjige, tedenskih kolumnah in Celju",2020-09,Radio Štajerski val,-,Šentjur,intervju,informativno-izobraževalni,radio,42,1054,Artur-J-G4538 Artur-J-G4539
rog_slovenian_1_0_1_1_manual_prosody::Artur-J-Gvecg-P580023-avd.wav,Rog-Art-J-Gvecg-P580023,Artur-J-Gvecg-P580023,Artur-J-Gvecg-P580023-avd.wav,Artur-J,"Pogovor s Špelo Drašler o njeni glasbeni družini, šolanjem na Pedagoški fakulteti in sodelovanju pri Akademskem pevskem zboru ter delu korepetitorja",2020-02,Radio Štajerski val,-,Šentjur,intervju,informativno-izobraževalni,radio,60,1137,Artur-J-G4544 Artur-J-G4554
rog_slovenian_1_0_1_1_manual_prosody::Artur-J-Gvecg-P580041-avd.wav,Rog-Art-J-Gvecg-P580041,Artur-J-Gvecg-P580041,Artur-J-Gvecg-P580041-avd.wav,Artur-J,"Pogovor z Martinom Golobom o veliki noči, spominih na ta praznik, otroštvu, družini, poklicu in avtu",2021-04,Radio Štajerski val,-,Šentjur,intervju,informativno-izobraževalni,radio,65,995,Artur-J-G4521 Artur-J-G4531
rog_slovenian_1_0_1_1_manual_prosody::Artur-J-Gvecg-P580047-avd.wav,Rog-Art-J-Gvecg-P580047,Artur-J-Gvecg-P580047,Artur-J-Gvecg-P580047-avd.wav,Artur-J,"Pogovor s Tanjo Fajon o delu na radiu, družini, začetkih novinarstva, študiju in delu dopisnice v Bruslju",-,Radio Štajerski val,-,Šentjur,intervju,informativno-izobraževalni,radio,41,993,Artur-J-G4529 Artur-J-G4586
rog_slovenian_1_0_1_1_manual_prosody::Artur-J-Gvecg-P580051-avd.wav,Rog-Art-J-Gvecg-P580051,Artur-J-Gvecg-P580051,Artur-J-Gvecg-P580051-avd.wav,Artur-J,"Govor na konferenci o idejnih horizontih postrazsvetljenske Evrope in pomenu temeljnih zgodovinskih pojmov (svoboda, demokracija, republika) ",2021-05,ZRC SAZU,https://www.youtube.com/watch?v=bD9C8Y-pG2M,Ljubljana,spletni dogodek,informativno-izobraževalni,internet,36,1002,Artur-J-G4602 Artur-J-G4604 Artur-J-G4605
rog_slovenian_1_0_1_1_manual_prosody::Artur-N-G5013-P600007-avd.wav,Rog-Art-N-G5013-P600007,Artur-N-G5013-P600007,Artur-N-G5013-P600007-avd.wav,Artur-N,"Pogovor med prijateljema o igranju igric, igranju harmonike in klavirja ter tekmovanjih v igranju harmonike",2020-09,lastni posnetek,-,Hajdina,prosti dialog med dvema sogovornikoma,zasebni,osebni stik,39,652,Artur-N-G5013
rog_slovenian_1_0_1_1_manual_prosody::Artur-N-G5014-P600007-avd.wav,Rog-Art-N-G5014-P600007,Artur-N-G5014-P600007,Artur-N-G5014-P600007-avd.wav,Artur-N,"Pogovor med prijateljema o igranju igric, igranju harmonike in tekmovanjih v igranju harmonike",2020-09,lastni posnetek,-,Hajdina,prosti dialog med dvema sogovornikoma,zasebni,osebni stik,41,540,Artur-N-G5014
rog_slovenian_1_0_1_1_manual_prosody::Artur-N-G5019-P600012-avd.wav,Rog-Art-N-G5019-P600012,Artur-N-G5019-P600012,Artur-N-G5019-P600012-avd.wav,Artur-N,"Pogovor med dvema prijateljema o hčeri, delu v gledališču med korono, načrti za božične praznike, službi in vrtnarjenju",2020-12,lastni posnetek,-,Maribor,prosti dialog med dvema sogovornikoma,zasebni,osebni stik,26,246,Artur-N-G5019
rog_slovenian_1_0_1_1_manual_prosody::Artur-N-G5020-P600012-avd.wav,Rog-Art-N-G5020-P600012,Artur-N-G5020-P600012,Artur-N-G5020-P600012-avd.wav,Artur-N,"Pogovor med dvema prijateljema o hčeri, delu v gledališču med korono, načrti za božične praznike, službi in vrtnarjenju",2020-12,lastni posnetek,-,Maribor,prosti dialog med dvema sogovornikoma,zasebni,osebni stik,58,727,Artur-N-G5020
rog_slovenian_1_0_1_1_manual_prosody::Artur-N-G5025-P600021-avd.wav,Rog-Art-N-G5025-P600021,Artur-N-G5025-P600021,Artur-N-G5025-P600021-avd.wav,Artur-N,"Pogovor med dvema starejšima prijateljicama o šolanju, delu, življenju v Nemčiji",2020-12,lastni posnetek,-,Murska Sobota,prosti dialog med dvema sogovornikoma,zasebni,osebni stik,45,452,Artur-N-G5025
rog_slovenian_1_0_1_1_manual_prosody::Artur-N-G5025-P600022-avd.wav,Rog-Art-N-G5025-P600022,Artur-N-G5025-P600022,Artur-N-G5025-P600022-avd.wav,Artur-N,Priprava krompirjeve kmečke juhe in palačink,2020-12,lastni posnetek,-,Murska Sobota,prosti monološki govor,zasebni,osebni stik,25,622,Artur-N-G5025
rog_slovenian_1_0_1_1_manual_prosody::Artur-N-G5026-P600021-avd.wav,Rog-Art-N-G5026-P600021,Artur-N-G5026-P600021,Artur-N-G5026-P600021-avd.wav,Artur-N,"Pogovor med dvema starejšima prijateljicama o šolanju, delu, življenju v Nemčiji",2020-12,lastni posnetek,-,Murska Sobota,prosti dialog med dvema sogovornikoma,zasebni,osebni stik,39,314,Artur-N-G5026
rog_slovenian_1_0_1_1_manual_prosody::Artur-N-G5035-P600034-avd.wav,Rog-Art-N-G5035-P600034,Artur-N-G5035-P600034,Artur-N-G5035-P600034-avd.wav,Artur-N,Pogovor med prijateljema o pohodu na Triglav in izletih z motorjem ,2021-01,lastni posnetek,-,Ormož,prosti dialog med dvema sogovornikoma,zasebni,osebni stik,29,657,Artur-N-G5035
rog_slovenian_1_0_1_1_manual_prosody::Artur-N-G5036-P600034-avd.wav,Rog-Art-N-G5036-P600034,Artur-N-G5036-P600034,Artur-N-G5036-P600034-avd.wav,Artur-N,Pogovor med prijateljema o pohodu na Triglav in izletih z motorjem ,2021-01,lastni posnetek,-,Ormož,prosti dialog med dvema sogovornikoma,zasebni,osebni stik,31,407,Artur-N-G5036
rog_slovenian_1_0_1_1_manual_prosody::Artur-N-G5043-P600044-avd.wav,Rog-Art-N-G5043-P600044,Artur-N-G5043-P600044,Artur-N-G5043-P600044-avd.wav,Artur-N,Pogovor med dvema prijaletejema o pohodu na Pokljuko leta 1983,2021-03,lastni posnetek,-,Ravne,prosti dialog med dvema sogovornikoma,zasebni,osebni stik,34,365,Artur-N-G5043
rog_slovenian_1_0_1_1_manual_prosody::Artur-N-G5044-P600044-avd.wav,Rog-Art-N-G5044-P600044,Artur-N-G5044-P600044,Artur-N-G5044-P600044-avd.wav,Artur-N,Pogovor med dvema prijaletejema o pohodu na Pokljuko leta 1983,2021-03,lastni posnetek,-,Ravne,prosti dialog med dvema sogovornikoma,zasebni,osebni stik,32,465,Artur-N-G5044
rog_slovenian_1_0_1_1_manual_prosody::Artur-N-G5053-P600052-avd.wav,Rog-Art-N-G5053-P600052,Artur-N-G5053-P600052,Artur-N-G5053-P600052-avd.wav,Artur-N,Pogovor med prijateljema o gledanju serij in filmov ter o igralcih,2021-05,lastni posnetek,-,Maribor,prosti dialog med dvema sogovornikoma,zasebni,osebni stik,53,750,Artur-N-G5053
rog_slovenian_1_0_1_1_manual_prosody::Artur-N-G5054-P600052-avd.wav,Rog-Art-N-G5054-P600052,Artur-N-G5054-P600052,Artur-N-G5054-P600052-avd.wav,Artur-N,Pogovor med prijateljema o gledanju serij in filmov ter o igralcih,2021-05,lastni posnetek,-,Maribor,prosti dialog med dvema sogovornikoma,zasebni,osebni stik,56,690,Artur-N-G5054
rog_slovenian_1_0_1_1_manual_prosody::Artur-N-G5082-P600080-avd.wav,Rog-Art-N-G5082-P600080,Artur-N-G5082-P600080,Artur-N-G5082-P600080-avd.wav,Artur-N,Pogovor o pisanju magistrske naloge,2021-07,lastni posnetek,-,Maribor,prosti dialog med dvema sogovornikoma,zasebni,osebni stik,10,132,Artur-N-G5082
rog_slovenian_1_0_1_1_manual_prosody::Artur-N-G5083-P600080-avd.wav,Rog-Art-N-G5083-P600080,Artur-N-G5083-P600080,Artur-N-G5083-P600080-avd.wav,Artur-N,Pogovor o pisanju magistrske naloge in vrstah kapitala,2021-07,lastni posnetek,-,Maribor,prosti dialog med dvema sogovornikoma,zasebni,osebni stik,20,793,Artur-N-G5083
rog_slovenian_1_0_1_1_manual_prosody::Artur-N-G5097-P600096-avd.wav,Rog-Art-N-G5097-P600096,Artur-N-G5097-P600096,Artur-N-G5097-P600096-avd.wav,Artur-N,"Pogovor o tretji porodniški, spremembah pri šolanju otrok zaradi korone, preurejanju hiše, psički in hobijih",2021-07,lastni posnetek,-,Škofja Loka,prosti monološki govor,zasebni,osebni stik,38,967,Artur-N-G5097
rog_slovenian_1_0_1_1_manual_prosody::Artur-N-G6001-P600102-avd.wav,Rog-Art-N-G6001-P600102,Artur-N-G6001-P600102,Artur-N-G6001-P600102-avd.wav,Artur-N,"Opis najljubšega filma, najljubšega mesta, poti do mesta in najljubšega poklica",2020-12,lastni posnetek,-,Litija,razlaganje in opisovanje,zasebni,osebni stik,27,856,Artur-N-G6001
rog_slovenian_1_0_1_1_manual_prosody::Artur-N-G6007-P600702-avd.wav,Rog-Art-N-G6007-P600702,Artur-N-G6007-P600702,Artur-N-G6007-P600702-avd.wav,Artur-N,Opis najljubše nadaljevanke in najljubšega kraja,2020-12,lastni posnetek,-,Ljubljana,razlaganje in opisovanje,zasebni,osebni stik,21,770,Artur-N-G6007
rog_slovenian_1_0_1_1_manual_prosody::Artur-N-G6012-P601201-avd.wav,Rog-Art-N-G6012-P601201,Artur-N-G6012-P601201,Artur-N-G6012-P601201-avd.wav,Artur-N,"Opis entropije, raztezanja vesolja, Dopplerjevega efekta, ",2021-09,lastni posnetek,-,Radovljica,prosti monološki govor,zasebni,osebni stik,28,961,Artur-N-G6012
rog_slovenian_1_0_1_1_manual_prosody::Artur-N-G6031-P603102-avd.wav,Rog-Art-N-G6031-P603102,Artur-N-G6031-P603102,Artur-N-G6031-P603102-avd.wav,Artur-N,"Opis najljubšega filma, najljubšega mesta, poti do mesta, najljubšega poklica, najljubše jedi, najljubše knjige, naravne katastrofe, uporabnega orodja, najljubšega letnega časa in najljubšega hobija",2021-01,lastni posnetek,-,Ljubljana,razlaganje in opisovanje,zasebni,osebni stik,26,922,Artur-N-G6031
rog_slovenian_1_0_1_1_manual_prosody::Artur-N-G6043-P604301-avd.wav,Rog-Art-N-G6043-P604301,Artur-N-G6043-P604301,Artur-N-G6043-P604301-avd.wav,Artur-N,"Pogovoro o sanjah, prenehanju kajenja in novicah",2021-07,lastni posnetek,-,Ljubljana,prosti monološki govor,zasebni,osebni stik,40,922,Artur-N-G6043
rog_slovenian_1_0_1_1_manual_prosody::Artur-N-G6047-P604702-avd.wav,Rog-Art-N-G6047-P604702,Artur-N-G6047-P604702,Artur-N-G6047-P604702-avd.wav,Artur-N,"Opis najljubšega filma, najljubšega izletniškega kraja, poti do njega, najljubšega poklica in prostega časa",2021-02,lastni posnetek,-,Naklo,razlaganje in opisovanje,zasebni,osebni stik,41,844,Artur-N-G6047
rog_slovenian_1_0_1_1_manual_prosody::Artur-N-G6060-P606001-avd.wav,Rog-Art-N-G6060-P606001,Artur-N-G6060-P606001,Artur-N-G6060-P606001-avd.wav,Artur-N,"Opis plesa lindy hop, začetki plesanja, zgodovina plesa, opis poteka festivalov, opis obutve in oblačil",2021-05,lastni posnetek,-,Idrija,prosti monološki govor,zasebni,osebni stik,31,915,Artur-N-G6060
rog_slovenian_1_0_1_1_manual_prosody::Artur-N-G6083-P608301-avd.wav,Rog-Art-N-G6083-P608301,Artur-N-G6083-P608301,Artur-N-G6083-P608301-avd.wav,Artur-N,"Opis veganstva, veganske prehrane, oblačil veganskega izvora, pozitivni učinki veganstva, opis veganskih certifikatov ",2021-05,lastni posnetek,-,Idrija,prosti monološki govor,zasebni,osebni stik,39,861,Artur-N-G6083
rog_slovenian_1_0_1_1_manual_prosody::Artur-N-G6100-P610002-avd.wav,Rog-Art-N-G6100-P610002,Artur-N-G6100-P610002,Artur-N-G6100-P610002-avd.wav,Artur-N,"Opis najljubšega filma, najljubšega izletniškega kraja in najljubšega poklica",2021-07,lastni posnetek,-,Vrhnika,razlaganje in opisovanje,zasebni,osebni stik,23,965,Artur-N-G6100
rog_slovenian_1_0_1_1_manual_prosody::Artur-N-G6103-P610302-avd.wav,Rog-Art-N-G6103-P610302,Artur-N-G6103-P610302,Artur-N-G6103-P610302-avd.wav,Artur-N,"Opis najljubšega filma, najljubšega izletniškega kraja, poti do njega, najljubšega poklica in najljubše jedi",2021-05,lastni posnetek,-,Nova Gorica,razlaganje in opisovanje,zasebni,osebni stik,25,931,Artur-N-G6103
rog_slovenian_1_0_1_1_manual_prosody::Artur-N-G6112-P611202-avd.wav,Rog-Art-N-G6112-P611202,Artur-N-G6112-P611202,Artur-N-G6112-P611202-avd.wav,Artur-N,"Opis najljubšega filma, najljubšega izletniškega kraja, najljubšega poklica, najljubše jedi in najljubše knjige",2021-08,lastni posnetek,-,Ljubljana,razlaganje in opisovanje,zasebni,osebni stik,35,871,Artur-N-G6112
rog_slovenian_1_0_1_1_manual_prosody::Artur-N-G6116-P611601-avd.wav,Rog-Art-N-G6116-P611601,Artur-N-G6116-P611601,Artur-N-G6116-P611601-avd.wav,Artur-N,"Govor o kmetijski dejavnosti, vrtninah, vplivu vremena na njih in primerjavi količine pridelkov letos s pridelki v prejšnjih letih",2021-06,lastni posnetek,-,Ljubljana,prosti monološki govor,zasebni,osebni stik,48,930,Artur-N-G6116
rog_slovenian_1_0_1_1_manual_prosody::Artur-P-G7001-P700192-avd.wav,Rog-Art-P-G7001-P700192,Artur-P-G7001-P700192,Artur-P-G7001-P700192-avd.wav,Artur-P,Govor o poročilu varuhinje in kršitvah volilne pravice,-,Državni zbor RS,-,Ljubljana,seja državnega zbora,informativno-izobraževalni,osebni stik,39,854,Artur-P-G7001
rog_slovenian_1_0_1_1_manual_prosody::Artur-P-G7002-P700444-avd.wav,Rog-Art-P-G7002-P700444,Artur-P-G7002-P700444,Artur-P-G7002-P700444-avd.wav,Artur-P,"Govor o Romih in romski problematiki (izobrazbena struktura, brezposelnost, nelegalna aktivnost, zadloženost, varnostne razmere)",-,Državni zbor RS,-,Ljubljana,seja državnega zbora,informativno-izobraževalni,osebni stik,34,819,Artur-P-G7002
rog_slovenian_1_0_1_1_manual_prosody::Artur-P-G7036-P701111-avd.wav,Rog-Art-P-G7036-P701111,Artur-P-G7036-P701111,Artur-P-G7036-P701111-avd.wav,Artur-P,"Govor o šolstvu, dostopnosti šolstva, primerjavi med javnim in zasebnim šolstvom in financiranju šol ",-,Državni zbor RS,-,Ljubljana,seja državnega zbora,informativno-izobraževalni,osebni stik,43,858,Artur-P-G7036
rog_slovenian_1_0_1_1_manual_prosody::Artur-P-G7065-P701064-avd.wav,Rog-Art-P-G7065-P701064,Artur-P-G7065-P701064,Artur-P-G7065-P701064-avd.wav,Artur-P,Govor o predmetni parlamentarni preiskavi stranke SDS,-,Državni zbor RS,-,Ljubljana,seja državnega zbora,informativno-izobraževalni,osebni stik,31,825,Artur-P-G7065
rog_slovenian_1_0_1_1_manual_prosody::Artur-P-G7155-P700259-avd.wav,Rog-Art-P-G7155-P700259,Artur-P-G7155-P700259,Artur-P-G7155-P700259-avd.wav,Artur-P,"Govor o obrtnikih in podjetnikih, njihovih prihodkih in bolniškem staležu",-,Državni zbor RS,-,Ljubljana,seja državnega zbora,informativno-izobraževalni,osebni stik,3,816,Artur-P-G7155
rog_slovenian_1_0_1_1_manual_prosody::Artur-P-G7165-P700926-avd.wav,Rog-Art-P-G7165-P700926,Artur-P-G7165-P700926,Artur-P-G7165-P700926-avd.wav,Artur-P,Govor o predlogu zakona za razbremenitev davčnega dohodninskega zavezanca,-,Državni zbor RS,-,Ljubljana,seja državnega zbora,informativno-izobraževalni,osebni stik,34,893,Artur-P-G7165
